TRAIT,Method,CONCENTRATION,GENE,CHR,SNP(CHR:BP),ALT,REF,MAF,BETA,SE,P
Liking,Method1,10% NoFA,AMY2A,1,1:104158889,T,C,0.07,0.31,0.21,0.1428
Liking,Method1,10% NoFA,CD36,7,7:80061523,G,A,0.3,0.25,0.13,0.0489
Liking,Method1,10% NoFA,GDI2,10,10:5865257,C,T,0.13,0.31,0.17,0.0698
Liking,Method1,10% NoFA,GNAT3,7,7:80104549,G,A,0.24,0.27,0.14,0.054
Liking,Method1,10% NoFA,GPR120,10,10:95346137,A,G,0.15,-0.32,0.14,0.0242
Liking,Method1,10% NoFA,GPR40,19,19:35843086,A,G,0.21,0.12,0.14,0.3918
Liking,Method1,10% NoFA,GPR41,19,19:35849061,A,G,0.08,0.05,0.19,0.7801
Liking,Method1,10% NoFA,GPR43,19,19:35940067,C,G,0.08,0.35,0.18,0.0466
Liking,Method1,10% NoFA,GPR84,12,12:54755802,A,T,0.47,-0.09,0.11,0.3818
Liking,Method1,10% NoFA,KCNA2,1,1:111148416,C,G,0.07,0.26,0.2,0.2014
Liking,Method1,10% NoFA,LCN1,9,9:138413663,G,A,0.26,0.14,0.13,0.2726
Liking,Method1,10% NoFA,LIPA,10,10:91156831,C,T,0.1,0.38,0.19,0.0512
Liking,Method1,10% NoFA,LIPC,15,15:58732221,T,C,0.07,-0.69,0.22,0.0016
Liking,Method1,10% NoFA,LIPD,8,8:19824071,G,A,0.15,-0.27,0.16,0.0945
Liking,Method1,10% NoFA,LIPE,19,19:42929592,A,T,0.07,-0.17,0.22,0.4476
Liking,Method1,10% NoFA,LIPF,10,10:90433994,G,C,0.34,-0.2,0.11,0.0743
Liking,Method1,10% NoFA,LIPG,18,18:47096016,A,G,0.21,-0.32,0.13,0.0154
Liking,Method1,10% NoFA,LIPH,3,3:185253526,A,G,0.06,-0.39,0.23,0.081
Liking,Method1,10% NoFA,LIPI,21,21:15542450,C,T,0.17,-0.41,0.16,0.0088
Liking,Method1,10% NoFA,LIPJ,10,10:90361836,T,C,0.06,0.37,0.21,0.0833
Liking,Method1,10% NoFA,LIPK,10,10:90509275,C,T,0.22,-0.15,0.14,0.2748
Liking,Method1,10% NoFA,LIPM,10,10:90567278,A,G,0.25,0.26,0.13,0.0468
Liking,Method1,10% NoFA,LIPN,10,10:90529566,T,A,0.06,-0.35,0.22,0.1166
Liking,Method1,10% NoFA,LYZ,12,12:69747177,C,T,0.47,-0.24,0.11,0.0367
Liking,Method1,10% NoFA,MUC5B,11,11:1245927,G,T,0.13,0.37,0.17,0.0244
Liking,Method1,10% NoFA,MUC7,4,4:71318810,G,A,0.22,-0.26,0.14,0.0611
Liking,Method1,10% NoFA,PIGR,1,1:207111257,G,T,0.35,-0.19,0.12,0.1236
Liking,Method1,10% NoFA,PNLIP,10,10:118318429,A,G,0.07,0.17,0.21,0.4332
Liking,Method1,10% NoFA,PNLIPRP1,10,10:118360899,A,G,0.18,0.36,0.15,0.0187
Liking,Method1,10% NoFA,PNLIPRP2,10,10:118393543,G,A,0.19,0.22,0.14,0.1358
Liking,Method1,10% NoFA,PNLIPRP3,10,10:118220810,T,C,0.06,-0.44,0.23,0.0533
Liking,Method1,10% NoFA,PRB1,12,12:11528409,C,T,0.44,0.16,0.1,0.101
Liking,Method1,10% NoFA,PRB2,12,12:11587782,C,T,0.42,-0.25,0.11,0.0178
Liking,Method1,10% NoFA,PRB3,12,12:11421721,G,A,0.05,-0.2,0.26,0.429
Liking,Method1,10% NoFA,PRB4,12,12:11461836,C,T,0.16,0.07,0.14,0.5937
Liking,Method1,10% NoFA,TRPM5,11,11:2432820,A,G,0.43,-0.31,0.12,0.0087
Fattiness,Method1,10% NoFA,AMY2A,1,1:104158889,T,C,0.07,0.5,0.24,0.0382
Fattiness,Method1,10% NoFA,CD36,7,7:80048919,A,T,0.19,-0.45,0.16,0.0063
Fattiness,Method1,10% NoFA,GDI2,10,10:5853767,C,T,0.34,0.38,0.13,0.0031
Fattiness,Method1,10% NoFA,GNAT3,7,7:80136643,T,A,0.14,0.25,0.18,0.1778
Fattiness,Method1,10% NoFA,GPR120,10,10:95343450,T,G,0.16,-0.35,0.16,0.0289
Fattiness,Method1,10% NoFA,GPR40,19,19:35843086,A,G,0.21,-0.04,0.16,0.8144
Fattiness,Method1,10% NoFA,GPR41,19,19:35848955,T,C,0.24,0.02,0.15,0.902
Fattiness,Method1,10% NoFA,GPR43,19,19:35940067,C,G,0.08,0.35,0.2,0.0855
Fattiness,Method1,10% NoFA,GPR84,12,12:54755802,A,T,0.47,0.06,0.12,0.6407
Fattiness,Method1,10% NoFA,KCNA2,1,1:111172690,C,T,0.07,0.38,0.23,0.1058
Fattiness,Method1,10% NoFA,LCN1,9,9:138415201,G,C,0.44,0.2,0.14,0.1562
Fattiness,Method1,10% NoFA,LIPA,10,10:91002927,T,C,0.32,0.39,0.14,0.0065
Fattiness,Method1,10% NoFA,LIPC,15,15:58833703,A,G,0.15,-0.41,0.19,0.0277
Fattiness,Method1,10% NoFA,LIPD,8,8:19815256,T,A,0.07,0.69,0.24,0.0037
Fattiness,Method1,10% NoFA,LIPE,19,19:42917545,C,T,0.1,-0.28,0.19,0.1445
Fattiness,Method1,10% NoFA,LIPF,10,10:90433345,A,T,0.11,0.48,0.2,0.0181
Fattiness,Method1,10% NoFA,LIPG,18,18:47097398,G,A,0.09,0.34,0.23,0.1429
Fattiness,Method1,10% NoFA,LIPH,3,3:185254977,T,C,0.21,-0.27,0.16,0.0833
Fattiness,Method1,10% NoFA,LIPI,21,21:15533292,T,C,0.06,0.67,0.26,0.0115
Fattiness,Method1,10% NoFA,LIPJ,10,10:90361836,T,C,0.06,0.35,0.24,0.15
Fattiness,Method1,10% NoFA,LIPK,10,10:90494165,G,A,0.17,-0.12,0.17,0.476
Fattiness,Method1,10% NoFA,LIPM,10,10:90578817,C,T,0.05,0.28,0.29,0.3219
Fattiness,Method1,10% NoFA,LIPN,10,10:90532331,G,A,0.47,-0.14,0.13,0.2617
Fattiness,Method1,10% NoFA,LYZ,12,12:69747834,T,C,0.48,0.23,0.12,0.0559
Fattiness,Method1,10% NoFA,MUC5B,11,11:1267562,T,C,0.28,-0.25,0.14,0.0695
Fattiness,Method1,10% NoFA,MUC7,4,4:71334592,C,T,0.18,-0.32,0.15,0.0385
Fattiness,Method1,10% NoFA,PIGR,1,1:207109116,T,C,0.43,-0.15,0.13,0.2506
Fattiness,Method1,10% NoFA,PNLIP,10,10:118318429,A,G,0.07,-0.34,0.24,0.1632
Fattiness,Method1,10% NoFA,PNLIPRP1,10,10:118367744,G,A,0.07,-0.42,0.25,0.0928
Fattiness,Method1,10% NoFA,PNLIPRP2,10,10:118387137,A,G,0.36,0.34,0.14,0.019
Fattiness,Method1,10% NoFA,PNLIPRP3,10,10:118193216,C,T,0.13,0.4,0.19,0.0318
Fattiness,Method1,10% NoFA,PRB1,12,12:11507074,A,C,0.44,-0.15,0.11,0.2063
Fattiness,Method1,10% NoFA,PRB2,12,12:11613208,T,C,0.11,-0.59,0.21,0.0057
Fattiness,Method1,10% NoFA,PRB3,12,12:11422190,C,A,0.05,-0.22,0.29,0.4512
Fattiness,Method1,10% NoFA,PRB4,12,12:11460257,C,G,0.09,0.27,0.22,0.2046
Fattiness,Method1,10% NoFA,TRPM5,11,11:2435946,A,G,0.48,-0.33,0.13,0.0083
Liking,Method1,15% NoFA,AMY2A,1,1:104158889,T,C,0.07,0.35,0.23,0.1247
Liking,Method1,15% NoFA,CD36,7,7:80126876,G,A,0.11,0.42,0.18,0.0216
Liking,Method1,15% NoFA,GDI2,10,10:5866188,A,G,0.34,-0.26,0.12,0.0349
Liking,Method1,15% NoFA,GNAT3,7,7:80126876,G,A,0.11,0.42,0.18,0.0216
Liking,Method1,15% NoFA,GPR120,10,10:95341459,A,G,0.06,-0.53,0.24,0.0288
Liking,Method1,15% NoFA,GPR40,19,19:35843086,A,G,0.21,-0.1,0.15,0.502
Liking,Method1,15% NoFA,GPR41,19,19:35848955,T,C,0.24,-0.14,0.14,0.3035
Liking,Method1,15% NoFA,GPR43,19,19:35940287,T,C,0.15,-0.12,0.16,0.4567
Liking,Method1,15% NoFA,GPR84,12,12:54758330,G,A,0.46,0.07,0.11,0.5124
Liking,Method1,15% NoFA,KCNA2,1,1:111169375,C,T,0.13,0.23,0.16,0.1495
Liking,Method1,15% NoFA,LCN1,9,9:138415238,G,C,0.22,-0.11,0.15,0.4649
Liking,Method1,15% NoFA,LIPA,10,10:90984032,A,G,0.12,0.53,0.18,0.0034
Liking,Method1,15% NoFA,LIPC,15,15:58724842,A,G,0.25,-0.4,0.15,0.0064
Liking,Method1,15% NoFA,LIPD,8,8:19824071,G,A,0.15,-0.28,0.17,0.1097
Liking,Method1,15% NoFA,LIPE,19,19:42913354,A,G,0.31,0.15,0.13,0.2675
Liking,Method1,15% NoFA,LIPF,10,10:90429652,G,A,0.15,-0.23,0.16,0.1562
Liking,Method1,15% NoFA,LIPG,18,18:47095487,C,T,0.4,-0.32,0.12,0.0056
Liking,Method1,15% NoFA,LIPH,3,3:185259829,A,G,0.07,0.37,0.24,0.1162
Liking,Method1,15% NoFA,LIPI,21,21:15545350,T,G,0.18,0.37,0.16,0.0232
Liking,Method1,15% NoFA,LIPJ,10,10:90358138,G,A,0.07,-0.31,0.22,0.1625
Liking,Method1,15% NoFA,LIPK,10,10:90509275,C,T,0.22,-0.31,0.14,0.0288
Liking,Method1,15% NoFA,LIPM,10,10:90567278,A,G,0.25,0.3,0.14,0.0323
Liking,Method1,15% NoFA,LIPN,10,10:90522839,A,G,0.21,-0.37,0.15,0.0127
Liking,Method1,15% NoFA,LYZ,12,12:69744104,T,C,0.09,-0.27,0.21,0.1957
Liking,Method1,15% NoFA,MUC5B,11,11:1246941,G,A,0.25,0.38,0.14,0.0053
Liking,Method1,15% NoFA,MUC7,4,4:71342921,A,G,0.08,0.43,0.2,0.0287
Liking,Method1,15% NoFA,PIGR,1,1:207109846,A,G,0.41,0.05,0.13,0.7032
Liking,Method1,15% NoFA,PNLIP,10,10:118318429,A,G,0.07,0.09,0.22,0.6954
Liking,Method1,15% NoFA,PNLIPRP1,10,10:118367227,C,G,0.09,-0.41,0.21,0.0543
Liking,Method1,15% NoFA,PNLIPRP2,10,10:118383382,T,C,0.18,-0.21,0.15,0.178
Liking,Method1,15% NoFA,PNLIPRP3,10,10:118214638,G,A,0.1,-0.44,0.2,0.0248
Liking,Method1,15% NoFA,PRB1,12,12:11514625,T,C,0.43,0.09,0.11,0.4153
Liking,Method1,15% NoFA,PRB2,12,12:11585360,C,A,0.11,-0.47,0.18,0.0096
Liking,Method1,15% NoFA,PRB3,12,12:11422190,C,A,0.05,0.2,0.26,0.4453
Liking,Method1,15% NoFA,PRB4,12,12:11461836,C,T,0.16,0.13,0.15,0.3927
Liking,Method1,15% NoFA,TRPM5,11,11:2439621,T,A,0.37,-0.34,0.13,0.0075
Fattiness,Method1,15% NoFA,AMY2A,1,1:104158889,T,C,0.07,-0.17,0.24,0.4725
Fattiness,Method1,15% NoFA,CD36,7,7:80045088,G,T,0.12,-0.43,0.19,0.0256
Fattiness,Method1,15% NoFA,GDI2,10,10:5813361,G,A,0.13,0.4,0.16,0.0149
Fattiness,Method1,15% NoFA,GNAT3,7,7:80088041,A,G,0.35,0.25,0.13,0.0557
Fattiness,Method1,15% NoFA,GPR120,10,10:95345982,T,C,0.2,-0.29,0.15,0.0581
Fattiness,Method1,15% NoFA,GPR40,19,19:35843086,A,G,0.21,-0.16,0.16,0.3154
Fattiness,Method1,15% NoFA,GPR41,19,19:35848955,T,C,0.24,0.25,0.15,0.0976
Fattiness,Method1,15% NoFA,GPR43,19,19:35939534,T,C,0.25,-0.09,0.14,0.4928
Fattiness,Method1,15% NoFA,GPR84,12,12:54758330,G,A,0.46,0.17,0.12,0.1651
Fattiness,Method1,15% NoFA,KCNA2,1,1:111171407,T,C,0.07,0.72,0.23,0.0016
Fattiness,Method1,15% NoFA,LCN1,9,9:138415201,G,C,0.44,0.26,0.14,0.0637
Fattiness,Method1,15% NoFA,LIPA,10,10:90985948,T,C,0.26,-0.4,0.16,0.0104
Fattiness,Method1,15% NoFA,LIPC,15,15:58727325,G,A,0.21,-0.47,0.16,0.0028
Fattiness,Method1,15% NoFA,LIPD,8,8:19808065,A,C,0.09,0.48,0.23,0.0386
Fattiness,Method1,15% NoFA,LIPE,19,19:42906271,C,G,0.08,-0.62,0.22,0.0043
Fattiness,Method1,15% NoFA,LIPF,10,10:90433345,A,T,0.11,0.33,0.2,0.0985
Fattiness,Method1,15% NoFA,LIPG,18,18:47114745,T,C,0.26,0.39,0.15,0.0103
Fattiness,Method1,15% NoFA,LIPH,3,3:185261528,T,C,0.47,0.2,0.11,0.0678
Fattiness,Method1,15% NoFA,LIPI,21,21:15487981,T,G,0.33,-0.47,0.15,0.0015
Fattiness,Method1,15% NoFA,LIPJ,10,10:90358138,G,A,0.07,-0.3,0.24,0.2149
Fattiness,Method1,15% NoFA,LIPK,10,10:90509275,C,T,0.22,0.13,0.15,0.4018
Fattiness,Method1,15% NoFA,LIPM,10,10:90568182,G,A,0.28,-0.2,0.15,0.1817
Fattiness,Method1,15% NoFA,LIPN,10,10:90533235,G,A,0.48,-0.21,0.12,0.0854
Fattiness,Method1,15% NoFA,LYZ,12,12:69743639,C,G,0.46,-0.16,0.13,0.2206
Fattiness,Method1,15% NoFA,MUC5B,11,11:1282194,G,C,0.1,0.56,0.2,0.0046
Fattiness,Method1,15% NoFA,MUC7,4,4:71311425,C,T,0.1,-0.37,0.19,0.0561
Fattiness,Method1,15% NoFA,PIGR,1,1:207105641,T,C,0.44,0.08,0.13,0.527
Fattiness,Method1,15% NoFA,PNLIP,10,10:118318429,A,G,0.07,-0.2,0.24,0.4177
Fattiness,Method1,15% NoFA,PNLIPRP1,10,10:118356353,C,T,0.09,-0.41,0.21,0.0548
Fattiness,Method1,15% NoFA,PNLIPRP2,10,10:118387137,A,G,0.36,0.33,0.14,0.0225
Fattiness,Method1,15% NoFA,PNLIPRP3,10,10:118213733,C,T,0.09,0.49,0.21,0.0203
Fattiness,Method1,15% NoFA,PRB1,12,12:11507267,A,G,0.47,-0.1,0.12,0.4092
Fattiness,Method1,15% NoFA,PRB2,12,12:11639799,G,A,0.1,0.29,0.2,0.1575
Fattiness,Method1,15% NoFA,PRB3,12,12:11421721,G,A,0.05,0.03,0.29,0.9156
Fattiness,Method1,15% NoFA,PRB4,12,12:11460257,C,G,0.09,0.23,0.22,0.2771
Fattiness,Method1,15% NoFA,TRPM5,11,11:2435931,T,C,0.4,0.28,0.14,0.0384
Liking,Method1,2.5% NoFA,AMY2A,1,1:104158889,T,C,0.07,0.12,0.25,0.6285
Liking,Method1,2.5% NoFA,CD36,7,7:80188168,A,G,0.1,-0.6,0.21,0.0046
Liking,Method1,2.5% NoFA,GDI2,10,10:5881566,T,C,0.11,0.33,0.21,0.1206
Liking,Method1,2.5% NoFA,GNAT3,7,7:80100969,A,C,0.09,0.42,0.23,0.069
Liking,Method1,2.5% NoFA,GPR120,10,10:95359494,T,G,0.18,-0.28,0.16,0.083
Liking,Method1,2.5% NoFA,GPR40,19,19:35843086,A,G,0.21,-0.23,0.16,0.1632
Liking,Method1,2.5% NoFA,GPR41,19,19:35848955,T,C,0.24,-0.29,0.15,0.0598
Liking,Method1,2.5% NoFA,GPR43,19,19:35939534,T,C,0.25,-0.07,0.14,0.6107
Liking,Method1,2.5% NoFA,GPR84,12,12:54758330,G,A,0.46,-0.08,0.12,0.4989
Liking,Method1,2.5% NoFA,KCNA2,1,1:111169913,G,C,0.19,0.24,0.16,0.142
Liking,Method1,2.5% NoFA,LCN1,9,9:138414276,T,C,0.19,-0.24,0.17,0.1575
Liking,Method1,2.5% NoFA,LIPA,10,10:90985948,T,C,0.26,0.35,0.16,0.0285
Liking,Method1,2.5% NoFA,LIPC,15,15:58724842,A,G,0.25,-0.45,0.16,0.0048
Liking,Method1,2.5% NoFA,LIPD,8,8:19801530,G,T,0.17,0.29,0.18,0.0955
Liking,Method1,2.5% NoFA,LIPE,19,19:42929592,A,T,0.07,-0.36,0.25,0.1567
Liking,Method1,2.5% NoFA,LIPF,10,10:90433989,A,G,0.31,0.15,0.13,0.2627
Liking,Method1,2.5% NoFA,LIPG,18,18:47096982,T,C,0.15,-0.28,0.19,0.126
Liking,Method1,2.5% NoFA,LIPH,3,3:185236964,A,G,0.13,-0.29,0.16,0.0757
Liking,Method1,2.5% NoFA,LIPI,21,21:15516357,T,C,0.23,-0.3,0.15,0.0508
Liking,Method1,2.5% NoFA,LIPJ,10,10:90349478,G,A,0.2,-0.1,0.15,0.5356
Liking,Method1,2.5% NoFA,LIPK,10,10:90510939,T,C,0.44,0.16,0.14,0.2408
Liking,Method1,2.5% NoFA,LIPM,10,10:90579609,C,T,0.47,-0.14,0.13,0.294
Liking,Method1,2.5% NoFA,LIPN,10,10:90532166,A,C,0.06,-0.6,0.27,0.0243
Liking,Method1,2.5% NoFA,LYZ,12,12:69746391,T,C,0.07,-0.29,0.26,0.2726
Liking,Method1,2.5% NoFA,MUC5B,11,11:1250583,T,C,0.06,-0.62,0.28,0.0267
Liking,Method1,2.5% NoFA,MUC7,4,4:71327104,G,A,0.13,-0.38,0.2,0.0563
Liking,Method1,2.5% NoFA,PIGR,1,1:207117558,A,G,0.18,-0.28,0.16,0.0794
Liking,Method1,2.5% NoFA,PNLIP,10,10:118326896,T,C,0.18,-0.16,0.17,0.3605
Liking,Method1,2.5% NoFA,PNLIPRP1,10,10:118350949,G,A,0.06,-0.46,0.28,0.102
Liking,Method1,2.5% NoFA,PNLIPRP2,10,10:118398304,A,C,0.2,-0.31,0.17,0.0658
Liking,Method1,2.5% NoFA,PNLIPRP3,10,10:118214638,G,A,0.1,-0.54,0.21,0.0111
Liking,Method1,2.5% NoFA,PRB1,12,12:11533093,G,A,0.48,0.14,0.13,0.2636
Liking,Method1,2.5% NoFA,PRB2,12,12:11613260,G,A,0.15,-0.5,0.19,0.0105
Liking,Method1,2.5% NoFA,PRB3,12,12:11420375,A,G,0.07,-0.12,0.25,0.6444
Liking,Method1,2.5% NoFA,PRB4,12,12:11460257,C,G,0.09,0.25,0.22,0.2432
Liking,Method1,2.5% NoFA,TRPM5,11,11:2440041,C,T,0.42,-0.25,0.13,0.0463
Fattiness,Method1,2.5% NoFA,AMY2A,1,1:104158889,T,C,0.07,-0.17,0.23,0.4486
Fattiness,Method1,2.5% NoFA,CD36,7,7:80216772,T,C,0.25,-0.42,0.14,0.0022
Fattiness,Method1,2.5% NoFA,GDI2,10,10:5880488,T,G,0.13,0.35,0.17,0.0467
Fattiness,Method1,2.5% NoFA,GNAT3,7,7:80116135,G,T,0.16,-0.31,0.15,0.0456
Fattiness,Method1,2.5% NoFA,GPR120,10,10:95346879,G,C,0.37,-0.2,0.13,0.1098
Fattiness,Method1,2.5% NoFA,GPR40,19,19:35843086,A,G,0.21,-0.19,0.15,0.2093
Fattiness,Method1,2.5% NoFA,GPR41,19,19:35848955,T,C,0.24,0.42,0.14,0.0032
Fattiness,Method1,2.5% NoFA,GPR43,19,19:35940453,C,G,0.22,-0.18,0.13,0.1689
Fattiness,Method1,2.5% NoFA,GPR84,12,12:54758330,G,A,0.46,0.07,0.11,0.5325
Fattiness,Method1,2.5% NoFA,KCNA2,1,1:111171407,T,C,0.07,0.57,0.21,0.0072
Fattiness,Method1,2.5% NoFA,LCN1,9,9:138414956,T,C,0.39,0.17,0.14,0.2169
Fattiness,Method1,2.5% NoFA,LIPA,10,10:90985948,T,C,0.26,-0.37,0.15,0.0123
Fattiness,Method1,2.5% NoFA,LIPC,15,15:58709287,T,C,0.13,-0.43,0.17,0.0104
Fattiness,Method1,2.5% NoFA,LIPD,8,8:19815023,T,A,0.3,-0.23,0.13,0.0696
Fattiness,Method1,2.5% NoFA,LIPE,19,19:42929592,A,T,0.07,-0.31,0.24,0.1876
Fattiness,Method1,2.5% NoFA,LIPF,10,10:90433989,A,G,0.31,-0.21,0.12,0.0968
Fattiness,Method1,2.5% NoFA,LIPG,18,18:47095487,C,T,0.4,0.25,0.12,0.0351
Fattiness,Method1,2.5% NoFA,LIPH,3,3:185254336,C,T,0.07,0.33,0.23,0.1595
Fattiness,Method1,2.5% NoFA,LIPI,21,21:15511943,T,A,0.33,0.32,0.13,0.0096
Fattiness,Method1,2.5% NoFA,LIPJ,10,10:90349478,G,A,0.2,-0.15,0.15,0.2901
Fattiness,Method1,2.5% NoFA,LIPK,10,10:90499335,G,A,0.2,0.25,0.15,0.1003
Fattiness,Method1,2.5% NoFA,LIPM,10,10:90567278,A,G,0.25,0.12,0.14,0.3725
Fattiness,Method1,2.5% NoFA,LIPN,10,10:90522839,A,G,0.21,0.25,0.15,0.0988
Fattiness,Method1,2.5% NoFA,LYZ,12,12:69742967,C,G,0.44,-0.19,0.13,0.1455
Fattiness,Method1,2.5% NoFA,MUC5B,11,11:1257459,A,G,0.36,-0.22,0.14,0.109
Fattiness,Method1,2.5% NoFA,MUC7,4,4:71324460,C,A,0.12,-0.2,0.18,0.2653
Fattiness,Method1,2.5% NoFA,PIGR,1,1:207117558,A,G,0.18,-0.12,0.15,0.4416
Fattiness,Method1,2.5% NoFA,PNLIP,10,10:118315835,C,T,0.08,0.24,0.23,0.2897
Fattiness,Method1,2.5% NoFA,PNLIPRP1,10,10:118365973,C,G,0.18,-0.29,0.16,0.0645
Fattiness,Method1,2.5% NoFA,PNLIPRP2,10,10:118389289,G,A,0.04,0.46,0.26,0.0701
Fattiness,Method1,2.5% NoFA,PNLIPRP3,10,10:118188634,G,A,0.11,-0.36,0.17,0.036
Fattiness,Method1,2.5% NoFA,PRB1,12,12:11519428,G,A,0.4,-0.16,0.11,0.1544
Fattiness,Method1,2.5% NoFA,PRB2,12,12:11638238,T,C,0.15,0.3,0.16,0.0556
Fattiness,Method1,2.5% NoFA,PRB3,12,12:11422190,C,A,0.05,-0.26,0.27,0.3287
Fattiness,Method1,2.5% NoFA,PRB4,12,12:11461836,C,T,0.16,-0.08,0.15,0.5909
Fattiness,Method1,2.5% NoFA,TRPM5,11,11:2430597,A,G,0.24,0.37,0.15,0.0119
Liking,Method1,2.5% with 0.2% FA,AMY2A,1,1:104158889,T,C,0.07,-0.09,0.26,0.7211
Liking,Method1,2.5% with 0.2% FA,CD36,7,7:80085012,A,G,0.1,0.54,0.23,0.02
Liking,Method1,2.5% with 0.2% FA,GDI2,10,10:5852571,T,G,0.08,0.49,0.24,0.0413
Liking,Method1,2.5% with 0.2% FA,GNAT3,7,7:80104549,G,A,0.24,0.26,0.17,0.1244
Liking,Method1,2.5% with 0.2% FA,GPR120,10,10:95359494,T,G,0.18,-0.29,0.17,0.0896
Liking,Method1,2.5% with 0.2% FA,GPR40,19,19:35843086,A,G,0.21,-0.06,0.17,0.7398
Liking,Method1,2.5% with 0.2% FA,GPR41,19,19:35848955,T,C,0.24,-0.11,0.16,0.5214
Liking,Method1,2.5% with 0.2% FA,GPR43,19,19:35941993,A,G,0.41,-0.14,0.13,0.2898
Liking,Method1,2.5% with 0.2% FA,GPR84,12,12:54758330,G,A,0.46,0.07,0.13,0.5749
Liking,Method1,2.5% with 0.2% FA,KCNA2,1,1:111150195,G,A,0.21,0.29,0.16,0.0709
Liking,Method1,2.5% with 0.2% FA,LCN1,9,9:138414956,T,C,0.39,0.15,0.16,0.3435
Liking,Method1,2.5% with 0.2% FA,LIPA,10,10:90991287,A,G,0.27,0.34,0.16,0.0346
Liking,Method1,2.5% with 0.2% FA,LIPC,15,15:58733730,T,C,0.15,-0.66,0.21,0.0016
Liking,Method1,2.5% with 0.2% FA,LIPD,8,8:19799641,G,T,0.49,-0.3,0.13,0.0266
Liking,Method1,2.5% with 0.2% FA,LIPE,19,19:42929592,A,T,0.07,-0.63,0.27,0.0212
Liking,Method1,2.5% with 0.2% FA,LIPF,10,10:90430609,C,G,0.14,-0.23,0.2,0.2472
Liking,Method1,2.5% with 0.2% FA,LIPG,18,18:47096982,T,C,0.15,-0.69,0.2,0.0006
Liking,Method1,2.5% with 0.2% FA,LIPH,3,3:185261528,T,C,0.47,0.23,0.12,0.0604
Liking,Method1,2.5% with 0.2% FA,LIPI,21,21:15487441,A,C,0.19,-0.35,0.18,0.0478
Liking,Method1,2.5% with 0.2% FA,LIPJ,10,10:90355473,G,A,0.07,0.27,0.28,0.3388
Liking,Method1,2.5% with 0.2% FA,LIPK,10,10:90510939,T,C,0.44,0.23,0.15,0.1153
Liking,Method1,2.5% with 0.2% FA,LIPM,10,10:90567278,A,G,0.25,0.27,0.16,0.0985
Liking,Method1,2.5% with 0.2% FA,LIPN,10,10:90533626,C,A,0.12,0.51,0.22,0.0202
Liking,Method1,2.5% with 0.2% FA,LYZ,12,12:69743639,C,G,0.46,0.19,0.15,0.1958
Liking,Method1,2.5% with 0.2% FA,MUC5B,11,11:1246941,G,A,0.25,0.47,0.16,0.0031
Liking,Method1,2.5% with 0.2% FA,MUC7,4,4:71322929,T,G,0.06,0.57,0.28,0.0382
Liking,Method1,2.5% with 0.2% FA,PIGR,1,1:207102293,T,A,0.43,-0.26,0.15,0.0706
Liking,Method1,2.5% with 0.2% FA,PNLIP,10,10:118315835,C,T,0.08,-0.1,0.26,0.7093
Liking,Method1,2.5% with 0.2% FA,PNLIPRP1,10,10:118367227,C,G,0.09,-0.49,0.25,0.0493
Liking,Method1,2.5% with 0.2% FA,PNLIPRP2,10,10:118388137,A,G,0.13,0.4,0.2,0.0394
Liking,Method1,2.5% with 0.2% FA,PNLIPRP3,10,10:118214638,G,A,0.1,-0.63,0.23,0.005
Liking,Method1,2.5% with 0.2% FA,PRB1,12,12:11546987,C,T,0.07,0.27,0.26,0.309
Liking,Method1,2.5% with 0.2% FA,PRB2,12,12:11561176,T,A,0.13,0.41,0.19,0.0291
Liking,Method1,2.5% with 0.2% FA,PRB3,12,12:11420375,A,G,0.07,0.19,0.27,0.4757
Liking,Method1,2.5% with 0.2% FA,PRB4,12,12:11461836,C,T,0.16,0.37,0.17,0.0331
Liking,Method1,2.5% with 0.2% FA,TRPM5,11,11:2435946,A,G,0.48,-0.32,0.14,0.0204
Fattiness,Method1,2.5% with 0.2% FA,AMY2A,1,1:104158889,T,C,0.07,0.28,0.25,0.2585
Fattiness,Method1,2.5% with 0.2% FA,CD36,7,7:80045265,A,T,0.1,-0.63,0.22,0.0038
Fattiness,Method1,2.5% with 0.2% FA,GDI2,10,10:5866188,A,G,0.34,-0.28,0.13,0.0349
Fattiness,Method1,2.5% with 0.2% FA,GNAT3,7,7:80109505,T,C,0.06,0.5,0.28,0.0717
Fattiness,Method1,2.5% with 0.2% FA,GPR120,10,10:95357918,G,A,0.3,-0.37,0.14,0.0104
Fattiness,Method1,2.5% with 0.2% FA,GPR40,19,19:35843086,A,G,0.21,-0.06,0.17,0.7148
Fattiness,Method1,2.5% with 0.2% FA,GPR41,19,19:35849061,A,G,0.08,-0.31,0.22,0.1564
Fattiness,Method1,2.5% with 0.2% FA,GPR43,19,19:35940067,C,G,0.08,0.17,0.21,0.4105
Fattiness,Method1,2.5% with 0.2% FA,GPR84,12,12:54758330,G,A,0.46,0.15,0.13,0.2364
Fattiness,Method1,2.5% with 0.2% FA,KCNA2,1,1:111148758,A,C,0.11,0.49,0.2,0.0135
Fattiness,Method1,2.5% with 0.2% FA,LCN1,9,9:138415238,G,C,0.22,0.16,0.16,0.3158
Fattiness,Method1,2.5% with 0.2% FA,LIPA,10,10:90981561,G,A,0.17,-0.4,0.18,0.0255
Fattiness,Method1,2.5% with 0.2% FA,LIPC,15,15:58792483,G,T,0.11,0.54,0.21,0.0108
Fattiness,Method1,2.5% with 0.2% FA,LIPD,8,8:19808131,A,G,0.15,-0.37,0.18,0.04
Fattiness,Method1,2.5% with 0.2% FA,LIPE,19,19:42929592,A,T,0.07,0.52,0.26,0.0442
Fattiness,Method1,2.5% with 0.2% FA,LIPF,10,10:90438207,G,A,0.17,0.27,0.18,0.1366
Fattiness,Method1,2.5% with 0.2% FA,LIPG,18,18:47117374,G,A,0.27,0.23,0.15,0.1138
Fattiness,Method1,2.5% with 0.2% FA,LIPH,3,3:185253258,G,T,0.06,-0.46,0.27,0.0851
Fattiness,Method1,2.5% with 0.2% FA,LIPI,21,21:15518672,A,C,0.07,0.76,0.27,0.0046
Fattiness,Method1,2.5% with 0.2% FA,LIPJ,10,10:90355473,G,A,0.07,-0.31,0.27,0.2561
Fattiness,Method1,2.5% with 0.2% FA,LIPK,10,10:90490338,A,G,0.2,0.15,0.16,0.3713
Fattiness,Method1,2.5% with 0.2% FA,LIPM,10,10:90576816,C,T,0.08,0.33,0.24,0.1827
Fattiness,Method1,2.5% with 0.2% FA,LIPN,10,10:90528992,T,G,0.2,-0.19,0.16,0.255
Fattiness,Method1,2.5% with 0.2% FA,LYZ,12,12:69746671,C,T,0.46,0.17,0.12,0.1539
Fattiness,Method1,2.5% with 0.2% FA,MUC5B,11,11:1250803,A,G,0.1,0.64,0.22,0.0041
Fattiness,Method1,2.5% with 0.2% FA,MUC7,4,4:71343365,T,C,0.22,-0.31,0.17,0.0632
Fattiness,Method1,2.5% with 0.2% FA,PIGR,1,1:207102293,T,A,0.43,0.15,0.14,0.2852
Fattiness,Method1,2.5% with 0.2% FA,PNLIP,10,10:118318429,A,G,0.07,-0.37,0.25,0.1481
Fattiness,Method1,2.5% with 0.2% FA,PNLIPRP1,10,10:118355695,T,A,0.46,-0.28,0.12,0.0171
Fattiness,Method1,2.5% with 0.2% FA,PNLIPRP2,10,10:118382182,T,C,0.13,0.36,0.19,0.0564
Fattiness,Method1,2.5% with 0.2% FA,PNLIPRP3,10,10:118213692,G,C,0.09,0.5,0.22,0.0223
Fattiness,Method1,2.5% with 0.2% FA,PRB1,12,12:11547532,G,A,0.09,-0.27,0.22,0.2234
Fattiness,Method1,2.5% with 0.2% FA,PRB2,12,12:11639799,G,A,0.1,0.36,0.21,0.0879
Fattiness,Method1,2.5% with 0.2% FA,PRB3,12,12:11422190,C,A,0.05,0.17,0.3,0.5705
Fattiness,Method1,2.5% with 0.2% FA,PRB4,12,12:11460257,C,G,0.09,0.08,0.22,0.715
Fattiness,Method1,2.5% with 0.2% FA,TRPM5,11,11:2435809,C,T,0.4,0.28,0.14,0.0514
Liking,Method1,5.0% NoFA,AMY2A,1,1:104158889,T,C,0.07,0.1,0.23,0.6654
Liking,Method1,5.0% NoFA,CD36,7,7:80082966,A,C,0.23,0.34,0.14,0.0168
Liking,Method1,5.0% NoFA,GDI2,10,10:5851149,A,G,0.07,-0.54,0.26,0.0354
Liking,Method1,5.0% NoFA,GNAT3,7,7:80107432,G,A,0.21,0.25,0.15,0.0924
Liking,Method1,5.0% NoFA,GPR120,10,10:95341459,A,G,0.06,-0.42,0.25,0.0988
Liking,Method1,5.0% NoFA,GPR40,19,19:35843086,A,G,0.21,-0.03,0.15,0.8285
Liking,Method1,5.0% NoFA,GPR41,19,19:35848955,T,C,0.24,-0.15,0.15,0.2898
Liking,Method1,5.0% NoFA,GPR43,19,19:35941879,A,T,0.06,0.37,0.25,0.1479
Liking,Method1,5.0% NoFA,GPR84,12,12:54755802,A,T,0.47,-0.1,0.12,0.3992
Liking,Method1,5.0% NoFA,KCNA2,1,1:111144007,A,G,0.24,0.19,0.14,0.1769
Liking,Method1,5.0% NoFA,LCN1,9,9:138416433,T,C,0.13,0.14,0.18,0.4424
Liking,Method1,5.0% NoFA,LIPA,10,10:90989279,A,G,0.28,0.37,0.14,0.0068
Liking,Method1,5.0% NoFA,LIPC,15,15:58825784,G,A,0.18,-0.36,0.15,0.0184
Liking,Method1,5.0% NoFA,LIPD,8,8:19797916,T,G,0.16,0.29,0.17,0.0887
Liking,Method1,5.0% NoFA,LIPE,19,19:42929592,A,T,0.07,-0.35,0.24,0.1451
Liking,Method1,5.0% NoFA,LIPF,10,10:90433345,A,T,0.11,-0.2,0.2,0.316
Liking,Method1,5.0% NoFA,LIPG,18,18:47088826,T,C,0.06,-0.87,0.26,0.0006
Liking,Method1,5.0% NoFA,LIPH,3,3:185239044,T,G,0.25,-0.3,0.15,0.0411
Liking,Method1,5.0% NoFA,LIPI,21,21:15552069,T,G,0.19,0.47,0.14,0.0009
Liking,Method1,5.0% NoFA,LIPJ,10,10:90356598,G,A,0.3,-0.23,0.13,0.078
Liking,Method1,5.0% NoFA,LIPK,10,10:90506963,T,C,0.3,0.26,0.13,0.049
Liking,Method1,5.0% NoFA,LIPM,10,10:90579672,G,A,0.09,0.27,0.2,0.1824
Liking,Method1,5.0% NoFA,LIPN,10,10:90527569,C,T,0.06,-0.49,0.25,0.045
Liking,Method1,5.0% NoFA,LYZ,12,12:69746391,T,C,0.07,-0.22,0.25,0.3699
Liking,Method1,5.0% NoFA,MUC5B,11,11:1250583,T,C,0.06,-0.44,0.27,0.0943
Liking,Method1,5.0% NoFA,MUC7,4,4:71342921,A,G,0.08,0.37,0.2,0.0672
Liking,Method1,5.0% NoFA,PIGR,1,1:207118228,T,C,0.18,-0.3,0.15,0.0543
Liking,Method1,5.0% NoFA,PNLIP,10,10:118326896,T,C,0.18,-0.22,0.16,0.1709
Liking,Method1,5.0% NoFA,PNLIPRP1,10,10:118367227,C,G,0.09,-0.74,0.22,0.0008
Liking,Method1,5.0% NoFA,PNLIPRP2,10,10:118386706,T,C,0.19,-0.4,0.15,0.0085
Liking,Method1,5.0% NoFA,PNLIPRP3,10,10:118205538,C,T,0.11,0.33,0.2,0.0999
Liking,Method1,5.0% NoFA,PRB1,12,12:11544819,A,G,0.41,-0.24,0.11,0.0368
Liking,Method1,5.0% NoFA,PRB2,12,12:11625514,A,G,0.06,-0.62,0.26,0.0179
Liking,Method1,5.0% NoFA,PRB3,12,12:11421721,G,A,0.05,-0.25,0.28,0.3788
Liking,Method1,5.0% NoFA,PRB4,12,12:11460063,A,C,0.16,-0.04,0.16,0.7939
Liking,Method1,5.0% NoFA,TRPM5,11,11:2440041,C,T,0.42,-0.28,0.12,0.0233
Fattiness,Method1,5.0% NoFA,AMY2A,1,1:104158889,T,C,0.07,0.34,0.24,0.1634
Fattiness,Method1,5.0% NoFA,CD36,7,7:80045088,G,T,0.12,-0.55,0.19,0.0042
Fattiness,Method1,5.0% NoFA,GDI2,10,10:5824757,A,G,0.31,0.29,0.14,0.0408
Fattiness,Method1,5.0% NoFA,GNAT3,7,7:80100969,A,C,0.09,0.32,0.23,0.1684
Fattiness,Method1,5.0% NoFA,GPR120,10,10:95357918,G,A,0.3,-0.31,0.14,0.0274
Fattiness,Method1,5.0% NoFA,GPR40,19,19:35843086,A,G,0.21,-0.07,0.16,0.6498
Fattiness,Method1,5.0% NoFA,GPR41,19,19:35848955,T,C,0.24,0.1,0.15,0.5195
Fattiness,Method1,5.0% NoFA,GPR43,19,19:35940453,C,G,0.22,-0.17,0.14,0.2186
Fattiness,Method1,5.0% NoFA,GPR84,12,12:54758330,G,A,0.46,0.23,0.12,0.0577
Fattiness,Method1,5.0% NoFA,KCNA2,1,1:111172690,C,T,0.07,0.69,0.23,0.0028
Fattiness,Method1,5.0% NoFA,LCN1,9,9:138414357,T,A,0.16,0.21,0.18,0.2361
Fattiness,Method1,5.0% NoFA,LIPA,10,10:91022025,A,C,0.06,0.67,0.24,0.0063
Fattiness,Method1,5.0% NoFA,LIPC,15,15:58712817,G,C,0.16,0.44,0.16,0.0057
Fattiness,Method1,5.0% NoFA,LIPD,8,8:19817546,T,C,0.14,-0.4,0.17,0.0216
Fattiness,Method1,5.0% NoFA,LIPE,19,19:42929592,A,T,0.07,-0.21,0.25,0.3954
Fattiness,Method1,5.0% NoFA,LIPF,10,10:90433345,A,T,0.11,0.43,0.2,0.0325
Fattiness,Method1,5.0% NoFA,LIPG,18,18:47103400,A,T,0.06,0.22,0.27,0.4145
Fattiness,Method1,5.0% NoFA,LIPH,3,3:185254977,T,C,0.21,-0.2,0.16,0.2074
Fattiness,Method1,5.0% NoFA,LIPI,21,21:15510247,T,A,0.17,-0.51,0.18,0.0051
Fattiness,Method1,5.0% NoFA,LIPJ,10,10:90355473,G,A,0.07,-0.45,0.26,0.0804
Fattiness,Method1,5.0% NoFA,LIPK,10,10:90490627,C,T,0.32,-0.18,0.14,0.1905
Fattiness,Method1,5.0% NoFA,LIPM,10,10:90576816,C,T,0.08,0.32,0.23,0.1735
Fattiness,Method1,5.0% NoFA,LIPN,10,10:90533235,G,A,0.48,-0.3,0.12,0.0145
Fattiness,Method1,5.0% NoFA,LYZ,12,12:69742967,C,G,0.44,-0.17,0.14,0.2096
Fattiness,Method1,5.0% NoFA,MUC5B,11,11:1253136,T,C,0.07,0.6,0.26,0.0196
Fattiness,Method1,5.0% NoFA,MUC7,4,4:71319058,T,C,0.05,0.58,0.29,0.0501
Fattiness,Method1,5.0% NoFA,PIGR,1,1:207111257,G,T,0.35,-0.2,0.14,0.1444
Fattiness,Method1,5.0% NoFA,PNLIP,10,10:118315835,C,T,0.08,-0.29,0.24,0.2273
Fattiness,Method1,5.0% NoFA,PNLIPRP1,10,10:118355695,T,A,0.46,-0.29,0.11,0.0114
Fattiness,Method1,5.0% NoFA,PNLIPRP2,10,10:118393543,G,A,0.19,0.23,0.16,0.1659
Fattiness,Method1,5.0% NoFA,PNLIPRP3,10,10:118217042,G,A,0.08,0.47,0.25,0.0557
Fattiness,Method1,5.0% NoFA,PRB1,12,12:11544288,A,G,0.39,0.07,0.12,0.5627
Fattiness,Method1,5.0% NoFA,PRB2,12,12:11606633,A,G,0.07,0.71,0.26,0.0065
Fattiness,Method1,5.0% NoFA,PRB3,12,12:11422190,C,A,0.05,-0.25,0.29,0.3871
Fattiness,Method1,5.0% NoFA,PRB4,12,12:11460257,C,G,0.09,0.12,0.22,0.5708
Fattiness,Method1,5.0% NoFA,TRPM5,11,11:2435946,A,G,0.48,-0.44,0.13,0.0004
Liking,Method1,5.0% with 0.2% FA,AMY2A,1,1:104158889,T,C,0.07,0.18,0.23,0.4273
Liking,Method1,5.0% with 0.2% FA,CD36,7,7:80151369,C,T,0.43,-0.36,0.13,0.0041
Liking,Method1,5.0% with 0.2% FA,GDI2,10,10:5851149,A,G,0.07,-0.41,0.25,0.0986
Liking,Method1,5.0% with 0.2% FA,GNAT3,7,7:80126876,G,A,0.11,0.32,0.19,0.0928
Liking,Method1,5.0% with 0.2% FA,GPR120,10,10:95332819,T,C,0.08,0.39,0.23,0.0912
Liking,Method1,5.0% with 0.2% FA,GPR40,19,19:35843086,A,G,0.21,0.13,0.15,0.401
Liking,Method1,5.0% with 0.2% FA,GPR41,19,19:35848955,T,C,0.24,-0.13,0.14,0.3783
Liking,Method1,5.0% with 0.2% FA,GPR43,19,19:35941993,A,G,0.41,-0.15,0.12,0.1994
Liking,Method1,5.0% with 0.2% FA,GPR84,12,12:54758330,G,A,0.46,0.05,0.12,0.6577
Liking,Method1,5.0% with 0.2% FA,KCNA2,1,1:111156707,C,T,0.08,0.39,0.19,0.0438
Liking,Method1,5.0% with 0.2% FA,LCN1,9,9:138415238,G,C,0.22,-0.24,0.15,0.1104
Liking,Method1,5.0% with 0.2% FA,LIPA,10,10:90989279,A,G,0.28,0.33,0.14,0.0154
Liking,Method1,5.0% with 0.2% FA,LIPC,15,15:58733730,T,C,0.15,-0.61,0.18,0.0007
Liking,Method1,5.0% with 0.2% FA,LIPD,8,8:19815556,G,A,0.28,-0.18,0.13,0.1483
Liking,Method1,5.0% with 0.2% FA,LIPE,19,19:42929592,A,T,0.07,-0.51,0.24,0.0316
Liking,Method1,5.0% with 0.2% FA,LIPF,10,10:90433994,G,C,0.34,-0.15,0.12,0.2315
Liking,Method1,5.0% with 0.2% FA,LIPG,18,18:47103400,A,T,0.06,0.52,0.26,0.0474
Liking,Method1,5.0% with 0.2% FA,LIPH,3,3:185261528,T,C,0.47,0.28,0.11,0.008
Liking,Method1,5.0% with 0.2% FA,LIPI,21,21:15516012,C,T,0.19,-0.49,0.16,0.0026
Liking,Method1,5.0% with 0.2% FA,LIPJ,10,10:90361836,T,C,0.06,0.52,0.23,0.0253
Liking,Method1,5.0% with 0.2% FA,LIPK,10,10:90490338,A,G,0.2,-0.16,0.15,0.2931
Liking,Method1,5.0% with 0.2% FA,LIPM,10,10:90578817,C,T,0.05,-0.31,0.27,0.2611
Liking,Method1,5.0% with 0.2% FA,LIPN,10,10:90529899,T,C,0.24,0.21,0.14,0.1215
Liking,Method1,5.0% with 0.2% FA,LYZ,12,12:69747177,C,T,0.47,-0.18,0.12,0.1474
Liking,Method1,5.0% with 0.2% FA,MUC5B,11,11:1249372,G,A,0.48,-0.2,0.12,0.1035
Liking,Method1,5.0% with 0.2% FA,MUC7,4,4:71317856,A,G,0.05,-0.51,0.27,0.0625
Liking,Method1,5.0% with 0.2% FA,PIGR,1,1:207118228,T,C,0.18,-0.22,0.15,0.1378
Liking,Method1,5.0% with 0.2% FA,PNLIP,10,10:118318429,A,G,0.07,0.14,0.23,0.5368
Liking,Method1,5.0% with 0.2% FA,PNLIPRP1,10,10:118367168,G,A,0.43,-0.42,0.13,0.0011
Liking,Method1,5.0% with 0.2% FA,PNLIPRP2,10,10:118381258,A,G,0.21,0.4,0.15,0.0096
Liking,Method1,5.0% with 0.2% FA,PNLIPRP3,10,10:118214638,G,A,0.1,-0.48,0.19,0.0136
Liking,Method1,5.0% with 0.2% FA,PRB1,12,12:11547532,G,A,0.09,0.2,0.2,0.3371
Liking,Method1,5.0% with 0.2% FA,PRB2,12,12:11587655,G,T,0.46,-0.29,0.12,0.0132
Liking,Method1,5.0% with 0.2% FA,PRB3,12,12:11420375,A,G,0.07,0.06,0.24,0.8023
Liking,Method1,5.0% with 0.2% FA,PRB4,12,12:11461836,C,T,0.16,0.07,0.15,0.6455
Liking,Method1,5.0% with 0.2% FA,TRPM5,11,11:2436733,A,G,0.06,0.65,0.24,0.0073
Fattiness,Method1,5.0% with 0.2% FA,AMY2A,1,1:104158889,T,C,0.07,0.56,0.26,0.0337
Fattiness,Method1,5.0% with 0.2% FA,CD36,7,7:80019184,T,C,0.1,-0.56,0.23,0.0129
Fattiness,Method1,5.0% with 0.2% FA,GDI2,10,10:5874237,T,C,0.04,0.81,0.33,0.0152
Fattiness,Method1,5.0% with 0.2% FA,GNAT3,7,7:80116135,G,T,0.16,-0.2,0.18,0.2661
Fattiness,Method1,5.0% with 0.2% FA,GPR120,10,10:95350116,T,C,0.19,-0.38,0.17,0.025
Fattiness,Method1,5.0% with 0.2% FA,GPR40,19,19:35843086,A,G,0.21,0,0.17,0.9834
Fattiness,Method1,5.0% with 0.2% FA,GPR41,19,19:35849061,A,G,0.08,-0.4,0.23,0.0887
Fattiness,Method1,5.0% with 0.2% FA,GPR43,19,19:35941993,A,G,0.41,-0.3,0.13,0.0218
Fattiness,Method1,5.0% with 0.2% FA,GPR84,12,12:54758330,G,A,0.46,0.09,0.13,0.4808
Fattiness,Method1,5.0% with 0.2% FA,KCNA2,1,1:111144007,A,G,0.24,-0.49,0.16,0.0019
Fattiness,Method1,5.0% with 0.2% FA,LCN1,9,9:138415201,G,C,0.44,0.29,0.15,0.0574
Fattiness,Method1,5.0% with 0.2% FA,LIPA,10,10:91077090,A,G,0.14,0.37,0.21,0.0706
Fattiness,Method1,5.0% with 0.2% FA,LIPC,15,15:58729144,T,C,0.09,-0.63,0.25,0.0125
Fattiness,Method1,5.0% with 0.2% FA,LIPD,8,8:19808131,A,G,0.15,-0.25,0.19,0.195
Fattiness,Method1,5.0% with 0.2% FA,LIPE,19,19:42906271,C,G,0.08,-0.28,0.24,0.2312
Fattiness,Method1,5.0% with 0.2% FA,LIPF,10,10:90431938,A,G,0.1,0.56,0.23,0.0143
Fattiness,Method1,5.0% with 0.2% FA,LIPG,18,18:47114745,T,C,0.26,0.45,0.17,0.0066
Fattiness,Method1,5.0% with 0.2% FA,LIPH,3,3:185242301,G,A,0.06,-0.54,0.27,0.0418
Fattiness,Method1,5.0% with 0.2% FA,LIPI,21,21:15511943,T,A,0.33,0.24,0.14,0.0954
Fattiness,Method1,5.0% with 0.2% FA,LIPJ,10,10:90361836,T,C,0.06,0.49,0.26,0.0618
Fattiness,Method1,5.0% with 0.2% FA,LIPK,10,10:90505804,T,A,0.23,0.25,0.16,0.1264
Fattiness,Method1,5.0% with 0.2% FA,LIPM,10,10:90579672,G,A,0.09,-0.29,0.22,0.1965
Fattiness,Method1,5.0% with 0.2% FA,LIPN,10,10:90533543,C,T,0.07,0.46,0.26,0.0781
Fattiness,Method1,5.0% with 0.2% FA,LYZ,12,12:69747834,T,C,0.48,0.3,0.13,0.0266
Fattiness,Method1,5.0% with 0.2% FA,MUC5B,11,11:1262907,C,T,0.27,0.21,0.16,0.2038
Fattiness,Method1,5.0% with 0.2% FA,MUC7,4,4:71329490,A,G,0.25,-0.27,0.15,0.0754
Fattiness,Method1,5.0% with 0.2% FA,PIGR,1,1:207105641,T,C,0.44,-0.24,0.14,0.0987
Fattiness,Method1,5.0% with 0.2% FA,PNLIP,10,10:118318429,A,G,0.07,-0.56,0.26,0.0334
Fattiness,Method1,5.0% with 0.2% FA,PNLIPRP1,10,10:118351121,A,G,0.12,0.53,0.21,0.01
Fattiness,Method1,5.0% with 0.2% FA,PNLIPRP2,10,10:118387137,A,G,0.36,0.22,0.16,0.1519
Fattiness,Method1,5.0% with 0.2% FA,PNLIPRP3,10,10:118215812,G,A,0.14,0.54,0.21,0.0081
Fattiness,Method1,5.0% with 0.2% FA,PRB1,12,12:11544819,A,G,0.41,-0.19,0.13,0.146
Fattiness,Method1,5.0% with 0.2% FA,PRB2,12,12:11606633,A,G,0.07,0.57,0.28,0.0453
Fattiness,Method1,5.0% with 0.2% FA,PRB3,12,12:11420375,A,G,0.07,0.15,0.27,0.5811
Fattiness,Method1,5.0% with 0.2% FA,PRB4,12,12:11461836,C,T,0.16,0.34,0.17,0.0459
Fattiness,Method1,5.0% with 0.2% FA,TRPM5,11,11:2432666,T,C,0.09,-0.34,0.22,0.1178
Liking,Method1,mvGWAS,AMY2A,1,1:104158889,T,C,0.08,0,0,0.372
Liking,Method1,mvGWAS,CD36,7,7:80288385,A,G,0.44,0,0,0.0174
Liking,Method1,mvGWAS,GDI2,10,10:5852571,T,G,0.08,0,0,0.0229
Liking,Method1,mvGWAS,GNAT3,7,7:80104549,G,A,0.24,0,0,0.1523
Liking,Method1,mvGWAS,GPR120,10,10:95332517,T,C,0.07,0,0,0.1142
Liking,Method1,mvGWAS,GPR40,19,19:35843086,A,G,0.22,0,0,0.4201
Liking,Method1,mvGWAS,GPR41,19,19:35848955,T,C,0.24,0,0,0.4787
Liking,Method1,mvGWAS,GPR43,19,19:35940067,C,G,0.08,0,0,0.1676
Liking,Method1,mvGWAS,GPR84,12,12:54755802,A,T,0.47,0,0,0.4391
Liking,Method1,mvGWAS,KCNA2,1,1:111157433,C,T,0.06,0,0,0.1729
Liking,Method1,mvGWAS,LCN1,9,9:138414276,T,C,0.19,0,0,0.5021
Liking,Method1,mvGWAS,LIPA,10,10:90985948,T,C,0.27,0,0,0.0175
Liking,Method1,mvGWAS,LIPC,15,15:58735698,T,C,0.08,0,0,0.0017
Liking,Method1,mvGWAS,LIPD,8,8:19822830,A,G,0.18,0,0,0.1659
Liking,Method1,mvGWAS,LIPE,19,19:42929592,A,T,0.07,0,0,0.1205
Liking,Method1,mvGWAS,LIPF,10,10:90433994,G,C,0.34,0,0,0.1494
Liking,Method1,mvGWAS,LIPG,18,18:47088826,T,C,0.06,0,0,0.0029
Liking,Method1,mvGWAS,LIPH,3,3:185254977,T,C,0.21,0,0,0.0584
Liking,Method1,mvGWAS,LIPI,21,21:15548670,C,T,0.2,0,0,0.0011
Liking,Method1,mvGWAS,LIPJ,10,10:90361836,T,C,0.06,0,0,0.1184
Liking,Method1,mvGWAS,LIPK,10,10:90510939,T,C,0.44,0,0,0.2105
Liking,Method1,mvGWAS,LIPM,10,10:90576816,C,T,0.08,0,0,0.1266
Liking,Method1,mvGWAS,LIPN,10,10:90532166,A,C,0.06,0,0,0.0843
Liking,Method1,mvGWAS,LYZ,12,12:69744104,T,C,0.09,0,0,0.2449
Liking,Method1,mvGWAS,MUC5B,11,11:1246941,G,A,0.25,0,0,0.0116
Liking,Method1,mvGWAS,MUC7,4,4:71342921,A,G,0.08,0,0,0.0702
Liking,Method1,mvGWAS,PIGR,1,1:207118228,T,C,0.18,0,0,0.0541
Liking,Method1,mvGWAS,PNLIP,10,10:118326896,T,C,0.18,0,0,0.4931
Liking,Method1,mvGWAS,PNLIPRP1,10,10:118360899,A,G,0.18,0,0,0.0202
Liking,Method1,mvGWAS,PNLIPRP2,10,10:118402207,G,A,0.19,0,0,0.0406
Liking,Method1,mvGWAS,PNLIPRP3,10,10:118214638,G,A,0.1,0,0,0.0231
Liking,Method1,mvGWAS,PRB1,12,12:11544819,A,G,0.41,0,0,0.0851
Liking,Method1,mvGWAS,PRB2,12,12:11587170,A,G,0.44,0,0,0.0247
Liking,Method1,mvGWAS,PRB3,12,12:11422190,C,A,0.05,0,0,0.8126
Liking,Method1,mvGWAS,PRB4,12,12:11461836,C,T,0.17,0,0,0.2994
Liking,Method1,mvGWAS,TRPM5,11,11:2430865,T,C,0.22,0,0,0.034
Fattiness,Method1,mvGWAS,AMY2A,1,1:104158889,T,C,0.08,0,0,0.0439
Fattiness,Method1,mvGWAS,CD36,7,7:80209337,T,C,0.06,0,0,0.0089
Fattiness,Method1,mvGWAS,GDI2,10,10:5856984,A,G,0.16,0,0,0.0252
Fattiness,Method1,mvGWAS,GNAT3,7,7:80116135,G,T,0.16,0,0,0.2919
Fattiness,Method1,mvGWAS,GPR120,10,10:95360396,C,G,0.08,0,0,0.1026
Fattiness,Method1,mvGWAS,GPR40,19,19:35843086,A,G,0.22,0,0,0.9099
Fattiness,Method1,mvGWAS,GPR41,19,19:35848955,T,C,0.24,0,0,0.0513
Fattiness,Method1,mvGWAS,GPR43,19,19:35940067,C,G,0.08,0,0,0.335
Fattiness,Method1,mvGWAS,GPR84,12,12:54758330,G,A,0.46,0,0,0.4254
Fattiness,Method1,mvGWAS,KCNA2,1,1:111144007,A,G,0.24,0,0,0.0028
Fattiness,Method1,mvGWAS,LCN1,9,9:138415201,G,C,0.44,0,0,0.2725
Fattiness,Method1,mvGWAS,LIPA,10,10:91002927,T,C,0.32,0,0,0.0138
Fattiness,Method1,mvGWAS,LIPC,15,15:58792483,G,T,0.11,0,0,0.0071
Fattiness,Method1,mvGWAS,LIPD,8,8:19815256,T,A,0.07,0,0,0.0187
Fattiness,Method1,mvGWAS,LIPE,19,19:42906271,C,G,0.08,0,0,0.0933
Fattiness,Method1,mvGWAS,LIPF,10,10:90433345,A,T,0.11,0,0,0.0272
Fattiness,Method1,mvGWAS,LIPG,18,18:47114745,T,C,0.26,0,0,0.0111
Fattiness,Method1,mvGWAS,LIPH,3,3:185236964,A,G,0.13,0,0,0.1728
Fattiness,Method1,mvGWAS,LIPI,21,21:15510247,T,A,0.17,0,0,0.0119
Fattiness,Method1,mvGWAS,LIPJ,10,10:90361836,T,C,0.06,0,0,0.0391
Fattiness,Method1,mvGWAS,LIPK,10,10:90509275,C,T,0.22,0,0,0.3812
Fattiness,Method1,mvGWAS,LIPM,10,10:90576816,C,T,0.08,0,0,0.1391
Fattiness,Method1,mvGWAS,LIPN,10,10:90533235,G,A,0.48,0,0,0.0129
Fattiness,Method1,mvGWAS,LYZ,12,12:69747834,T,C,0.48,0,0,0.2601
Fattiness,Method1,mvGWAS,MUC5B,11,11:1250803,A,G,0.1,0,0,0.0406
Fattiness,Method1,mvGWAS,MUC7,4,4:71334592,C,T,0.18,0,0,0.1182
Fattiness,Method1,mvGWAS,PIGR,1,1:207105641,T,C,0.44,0,0,0.1139
Fattiness,Method1,mvGWAS,PNLIP,10,10:118315835,C,T,0.08,0,0,0.1801
Fattiness,Method1,mvGWAS,PNLIPRP1,10,10:118355695,T,A,0.46,0,0,0.0418
Fattiness,Method1,mvGWAS,PNLIPRP2,10,10:118392602,A,G,0.49,0,0,0.0143
Fattiness,Method1,mvGWAS,PNLIPRP3,10,10:118193216,C,T,0.13,0,0,0.0422
Fattiness,Method1,mvGWAS,PRB1,12,12:11547532,G,A,0.09,0,0,0.5925
Fattiness,Method1,mvGWAS,PRB2,12,12:11613260,G,A,0.15,0,0,0.0242
Fattiness,Method1,mvGWAS,PRB3,12,12:11422190,C,A,0.05,0,0,0.7413
Fattiness,Method1,mvGWAS,PRB4,12,12:11461836,C,T,0.17,0,0,0.345
Fattiness,Method1,mvGWAS,TRPM5,11,11:2435946,A,G,0.48,0,0,0.0126
Liking,Method2,2.5% NoFA,CD36,7,7:80082966,A,C,0.23,0.03,0.15,0.86
Liking,Method2,5.0% NoFA,CD36,7,7:80082966,A,C,0.23,0.34,0.14,0.0168
Liking,Method2,10% NoFA,CD36,7,7:80082966,A,C,0.23,0.19,0.13,0.1481
Liking,Method2,15% NoFA,CD36,7,7:80082966,A,C,0.23,0.07,0.14,0.6057
Liking,Method2,2.5% with 0.2% FA,CD36,7,7:80082966,A,C,0.23,0.2,0.16,0.2087
Liking,Method2,5.0% with 0.2% FA,CD36,7,7:80082966,A,C,0.23,0.31,0.14,0.0277
Liking,Method2,mvGWAS,CD36,7,7:80082966,A,C,0.23,0,0,0.1098
Liking,Method2,2.5% NoFA,GNAT3,7,7:80107432,G,A,0.21,0.16,0.16,0.3111
Liking,Method2,5.0% NoFA,GNAT3,7,7:80107432,G,A,0.21,0.25,0.15,0.0924
Liking,Method2,10% NoFA,GNAT3,7,7:80107432,G,A,0.21,0.04,0.14,0.7488
Liking,Method2,15% NoFA,GNAT3,7,7:80107432,G,A,0.21,0.28,0.15,0.0557
Liking,Method2,2.5% with 0.2% FA,GNAT3,7,7:80107432,G,A,0.21,0.03,0.17,0.8628
Liking,Method2,5.0% with 0.2% FA,GNAT3,7,7:80107432,G,A,0.21,0.19,0.15,0.2048
Liking,Method2,mvGWAS,GNAT3,7,7:80107432,G,A,0.21,0,0,0.3218
Liking,Method2,2.5% NoFA,GPR120,10,10:95341459,A,G,0.06,-0.13,0.26,0.6299
Liking,Method2,5.0% NoFA,GPR120,10,10:95341459,A,G,0.06,-0.42,0.25,0.0988
Liking,Method2,10% NoFA,GPR120,10,10:95341459,A,G,0.06,-0.43,0.23,0.0637
Liking,Method2,15% NoFA,GPR120,10,10:95341459,A,G,0.06,-0.53,0.24,0.0288
Liking,Method2,2.5% with 0.2% FA,GPR120,10,10:95341459,A,G,0.06,-0.18,0.28,0.5153
Liking,Method2,5.0% with 0.2% FA,GPR120,10,10:95341459,A,G,0.06,-0.35,0.25,0.1583
Liking,Method2,mvGWAS,GPR120,10,10:95341459,A,G,0.06,0,0,0.1469
Liking,Method2,2.5% NoFA,GPR40,19,19:35843086,A,G,0.21,-0.23,0.16,0.1632
Liking,Method2,5.0% NoFA,GPR40,19,19:35843086,A,G,0.21,-0.03,0.15,0.8285
Liking,Method2,10% NoFA,GPR40,19,19:35843086,A,G,0.21,0.12,0.14,0.3918
Liking,Method2,15% NoFA,GPR40,19,19:35843086,A,G,0.21,-0.1,0.15,0.502
Liking,Method2,2.5% with 0.2% FA,GPR40,19,19:35843086,A,G,0.21,-0.06,0.17,0.7398
Liking,Method2,5.0% with 0.2% FA,GPR40,19,19:35843086,A,G,0.21,0.13,0.15,0.401
Liking,Method2,mvGWAS,GPR40,19,19:35843086,A,G,0.22,0,0,0.4201
Liking,Method2,2.5% NoFA,GPR41,19,19:35848955,T,C,0.24,-0.29,0.15,0.0598
Liking,Method2,5.0% NoFA,GPR41,19,19:35848955,T,C,0.24,-0.15,0.15,0.2898
Liking,Method2,10% NoFA,GPR41,19,19:35848955,T,C,0.24,0,0.13,0.9783
Liking,Method2,15% NoFA,GPR41,19,19:35848955,T,C,0.24,-0.14,0.14,0.3035
Liking,Method2,2.5% with 0.2% FA,GPR41,19,19:35848955,T,C,0.24,-0.11,0.16,0.5214
Liking,Method2,5.0% with 0.2% FA,GPR41,19,19:35848955,T,C,0.24,-0.13,0.14,0.3783
Liking,Method2,mvGWAS,GPR41,19,19:35848955,T,C,0.24,0,0,0.4787
Liking,Method2,2.5% NoFA,GPR43,19,19:35941879,A,T,0.06,0.01,0.27,0.9742
Liking,Method2,5.0% NoFA,GPR43,19,19:35941879,A,T,0.06,0.37,0.25,0.1479
Liking,Method2,10% NoFA,GPR43,19,19:35941879,A,T,0.06,0,0.23,0.9893
Liking,Method2,15% NoFA,GPR43,19,19:35941879,A,T,0.06,0.15,0.24,0.5484
Liking,Method2,2.5% with 0.2% FA,GPR43,19,19:35941879,A,T,0.06,0.07,0.29,0.793
Liking,Method2,5.0% with 0.2% FA,GPR43,19,19:35941879,A,T,0.06,0.02,0.25,0.9343
Liking,Method2,mvGWAS,GPR43,19,19:35941879,A,T,0.06,0,0,0.7419
Liking,Method2,2.5% NoFA,GPR84,12,12:54755802,A,T,0.47,-0.08,0.12,0.5045
Liking,Method2,5.0% NoFA,GPR84,12,12:54755802,A,T,0.47,-0.1,0.12,0.3992
Liking,Method2,10% NoFA,GPR84,12,12:54755802,A,T,0.47,-0.09,0.11,0.3818
Liking,Method2,15% NoFA,GPR84,12,12:54755802,A,T,0.47,0.07,0.11,0.5144
Liking,Method2,2.5% with 0.2% FA,GPR84,12,12:54755802,A,T,0.47,0.07,0.13,0.6025
Liking,Method2,5.0% with 0.2% FA,GPR84,12,12:54755802,A,T,0.47,0.04,0.12,0.7053
Liking,Method2,mvGWAS,GPR84,12,12:54755802,A,T,0.47,0,0,0.4391
Liking,Method2,2.5% NoFA,KCNA2,1,1:111144007,A,G,0.24,0.1,0.15,0.4993
Liking,Method2,5.0% NoFA,KCNA2,1,1:111144007,A,G,0.24,0.19,0.14,0.1769
Liking,Method2,10% NoFA,KCNA2,1,1:111144007,A,G,0.24,0.09,0.13,0.4667
Liking,Method2,15% NoFA,KCNA2,1,1:111144007,A,G,0.24,0.08,0.13,0.5542
Liking,Method2,2.5% with 0.2% FA,KCNA2,1,1:111144007,A,G,0.24,0.09,0.16,0.5866
Liking,Method2,5.0% with 0.2% FA,KCNA2,1,1:111144007,A,G,0.24,-0.04,0.14,0.7743
Liking,Method2,mvGWAS,KCNA2,1,1:111144007,A,G,0.24,0,0,0.7976
Liking,Method2,2.5% NoFA,TRPM5,11,11:2440041,C,T,0.42,-0.25,0.13,0.0463
Liking,Method2,5.0% NoFA,TRPM5,11,11:2440041,C,T,0.42,-0.28,0.12,0.0233
Liking,Method2,10% NoFA,TRPM5,11,11:2440041,C,T,0.42,-0.29,0.11,0.009
Liking,Method2,15% NoFA,TRPM5,11,11:2440041,C,T,0.42,-0.29,0.12,0.0137
Liking,Method2,2.5% with 0.2% FA,TRPM5,11,11:2440041,C,T,0.42,-0.27,0.14,0.0488
Liking,Method2,5.0% with 0.2% FA,TRPM5,11,11:2440041,C,T,0.42,-0.12,0.12,0.3079
Liking,Method2,mvGWAS,TRPM5,11,11:2440041,C,T,0.42,0,0,0.0393
Liking,Method2,2.5% NoFA,AMY2A,1,1:104158889,T,C,0.07,0.12,0.25,0.6285
Liking,Method2,5.0% NoFA,AMY2A,1,1:104158889,T,C,0.07,0.1,0.23,0.6654
Liking,Method2,10% NoFA,AMY2A,1,1:104158889,T,C,0.07,0.31,0.21,0.1428
Liking,Method2,15% NoFA,AMY2A,1,1:104158889,T,C,0.07,0.35,0.23,0.1247
Liking,Method2,2.5% with 0.2% FA,AMY2A,1,1:104158889,T,C,0.07,-0.09,0.26,0.7211
Liking,Method2,5.0% with 0.2% FA,AMY2A,1,1:104158889,T,C,0.07,0.18,0.23,0.4273
Liking,Method2,mvGWAS,AMY2A,1,1:104158889,T,C,0.08,0,0,0.372
Liking,Method2,2.5% NoFA,GDI2,10,10:5851149,A,G,0.07,-0.02,0.27,0.9529
Liking,Method2,5.0% NoFA,GDI2,10,10:5851149,A,G,0.07,-0.54,0.26,0.0354
Liking,Method2,10% NoFA,GDI2,10,10:5851149,A,G,0.07,-0.14,0.23,0.547
Liking,Method2,15% NoFA,GDI2,10,10:5851149,A,G,0.07,-0.45,0.25,0.0728
Liking,Method2,2.5% with 0.2% FA,GDI2,10,10:5851149,A,G,0.07,-0.07,0.29,0.8131
Liking,Method2,5.0% with 0.2% FA,GDI2,10,10:5851149,A,G,0.07,-0.41,0.25,0.0986
Liking,Method2,mvGWAS,GDI2,10,10:5851149,A,G,0.07,0,0,0.1528
Liking,Method2,2.5% NoFA,LCN1,9,9:138416433,T,C,0.13,-0.06,0.19,0.7448
Liking,Method2,5.0% NoFA,LCN1,9,9:138416433,T,C,0.13,0.14,0.18,0.4424
Liking,Method2,10% NoFA,LCN1,9,9:138416433,T,C,0.13,0.15,0.17,0.3816
Liking,Method2,15% NoFA,LCN1,9,9:138416433,T,C,0.13,-0.03,0.18,0.8857
Liking,Method2,2.5% with 0.2% FA,LCN1,9,9:138416433,T,C,0.13,-0.12,0.21,0.5576
Liking,Method2,5.0% with 0.2% FA,LCN1,9,9:138416433,T,C,0.13,0.15,0.18,0.3919
Liking,Method2,mvGWAS,LCN1,9,9:138416433,T,C,0.13,0,0,0.6504
Liking,Method2,2.5% NoFA,LIPA,10,10:90989279,A,G,0.28,0.14,0.14,0.3324
Liking,Method2,5.0% NoFA,LIPA,10,10:90989279,A,G,0.28,0.37,0.14,0.0068
Liking,Method2,10% NoFA,LIPA,10,10:90989279,A,G,0.28,0.09,0.13,0.4639
Liking,Method2,15% NoFA,LIPA,10,10:90989279,A,G,0.28,0.22,0.13,0.0944
Liking,Method2,2.5% with 0.2% FA,LIPA,10,10:90989279,A,G,0.28,0.26,0.15,0.0889
Liking,Method2,5.0% with 0.2% FA,LIPA,10,10:90989279,A,G,0.28,0.33,0.14,0.0154
Liking,Method2,mvGWAS,LIPA,10,10:90989279,A,G,0.28,0,0,0.0563
Liking,Method2,2.5% NoFA,LIPC,15,15:58825784,G,A,0.18,0.01,0.16,0.9442
Liking,Method2,5.0% NoFA,LIPC,15,15:58825784,G,A,0.18,-0.36,0.15,0.0184
Liking,Method2,10% NoFA,LIPC,15,15:58825784,G,A,0.18,-0.22,0.14,0.121
Liking,Method2,15% NoFA,LIPC,15,15:58825784,G,A,0.18,-0.12,0.15,0.4264
Liking,Method2,2.5% with 0.2% FA,LIPC,15,15:58825784,G,A,0.18,0.07,0.17,0.6995
Liking,Method2,5.0% with 0.2% FA,LIPC,15,15:58825784,G,A,0.18,-0.09,0.15,0.5322
Liking,Method2,mvGWAS,LIPC,15,15:58825784,G,A,0.18,0,0,0.1176
Liking,Method2,2.5% NoFA,LIPD,8,8:19797916,T,G,0.16,0.26,0.18,0.146
Liking,Method2,5.0% NoFA,LIPD,8,8:19797916,T,G,0.16,0.29,0.17,0.0887
Liking,Method2,10% NoFA,LIPD,8,8:19797916,T,G,0.16,0.08,0.15,0.598
Liking,Method2,15% NoFA,LIPD,8,8:19797916,T,G,0.16,0.21,0.16,0.2027
Liking,Method2,2.5% with 0.2% FA,LIPD,8,8:19797916,T,G,0.16,0.29,0.19,0.1241
Liking,Method2,5.0% with 0.2% FA,LIPD,8,8:19797916,T,G,0.16,0,0.17,0.9928
Liking,Method2,mvGWAS,LIPD,8,8:19797916,T,G,0.16,0,0,0.3012
Liking,Method2,2.5% NoFA,LIPE,19,19:42929592,A,T,0.07,-0.36,0.25,0.1567
Liking,Method2,5.0% NoFA,LIPE,19,19:42929592,A,T,0.07,-0.35,0.24,0.1451
Liking,Method2,10% NoFA,LIPE,19,19:42929592,A,T,0.07,-0.17,0.22,0.4476
Liking,Method2,15% NoFA,LIPE,19,19:42929592,A,T,0.07,-0.22,0.23,0.3406
Liking,Method2,2.5% with 0.2% FA,LIPE,19,19:42929592,A,T,0.07,-0.63,0.27,0.0212
Liking,Method2,5.0% with 0.2% FA,LIPE,19,19:42929592,A,T,0.07,-0.51,0.24,0.0316
Liking,Method2,mvGWAS,LIPE,19,19:42929592,A,T,0.07,0,0,0.1205
Liking,Method2,2.5% NoFA,LIPF,10,10:90433345,A,T,0.11,0,0.21,0.991
Liking,Method2,5.0% NoFA,LIPF,10,10:90433345,A,T,0.11,-0.2,0.2,0.316
Liking,Method2,10% NoFA,LIPF,10,10:90433345,A,T,0.11,0.22,0.18,0.2222
Liking,Method2,15% NoFA,LIPF,10,10:90433345,A,T,0.11,0.07,0.19,0.7232
Liking,Method2,2.5% with 0.2% FA,LIPF,10,10:90433345,A,T,0.11,-0.04,0.22,0.8585
Liking,Method2,5.0% with 0.2% FA,LIPF,10,10:90433345,A,T,0.11,0.16,0.19,0.4205
Liking,Method2,mvGWAS,LIPF,10,10:90433345,A,T,0.11,0,0,0.4083
Liking,Method2,2.5% NoFA,LIPG,18,18:47088826,T,C,0.06,-0.18,0.27,0.4961
Liking,Method2,5.0% NoFA,LIPG,18,18:47088826,T,C,0.06,-0.87,0.26,0.0006
Liking,Method2,10% NoFA,LIPG,18,18:47088826,T,C,0.06,-0.45,0.23,0.0506
Liking,Method2,15% NoFA,LIPG,18,18:47088826,T,C,0.06,-0.41,0.24,0.0957
Liking,Method2,2.5% with 0.2% FA,LIPG,18,18:47088826,T,C,0.06,0.21,0.29,0.4722
Liking,Method2,5.0% with 0.2% FA,LIPG,18,18:47088826,T,C,0.06,-0.17,0.25,0.5003
Liking,Method2,mvGWAS,LIPG,18,18:47088826,T,C,0.06,0,0,0.0029
Liking,Method2,2.5% NoFA,LIPH,3,3:185239044,T,G,0.25,-0.06,0.15,0.6754
Liking,Method2,5.0% NoFA,LIPH,3,3:185239044,T,G,0.25,-0.3,0.15,0.0411
Liking,Method2,10% NoFA,LIPH,3,3:185239044,T,G,0.25,-0.04,0.13,0.7559
Liking,Method2,15% NoFA,LIPH,3,3:185239044,T,G,0.25,-0.04,0.14,0.7619
Liking,Method2,2.5% with 0.2% FA,LIPH,3,3:185239044,T,G,0.25,0,0.16,0.9916
Liking,Method2,5.0% with 0.2% FA,LIPH,3,3:185239044,T,G,0.25,-0.14,0.14,0.3285
Liking,Method2,mvGWAS,LIPH,3,3:185239044,T,G,0.25,0,0,0.4152
Liking,Method2,2.5% NoFA,LIPI,21,21:15552069,T,G,0.19,0.19,0.15,0.1896
Liking,Method2,5.0% NoFA,LIPI,21,21:15552069,T,G,0.19,0.47,0.14,0.0009
Liking,Method2,10% NoFA,LIPI,21,21:15552069,T,G,0.19,0.32,0.13,0.013
Liking,Method2,15% NoFA,LIPI,21,21:15552069,T,G,0.19,0.31,0.14,0.0249
Liking,Method2,2.5% with 0.2% FA,LIPI,21,21:15552069,T,G,0.19,0.05,0.16,0.7647
Liking,Method2,5.0% with 0.2% FA,LIPI,21,21:15552069,T,G,0.19,0.26,0.14,0.0618
Liking,Method2,mvGWAS,LIPI,21,21:15552069,T,G,0.19,0,0,0.0085
Liking,Method2,2.5% NoFA,LIPJ,10,10:90356598,G,A,0.3,0.01,0.14,0.9425
Liking,Method2,5.0% NoFA,LIPJ,10,10:90356598,G,A,0.3,-0.23,0.13,0.078
Liking,Method2,10% NoFA,LIPJ,10,10:90356598,G,A,0.3,-0.08,0.12,0.4965
Liking,Method2,15% NoFA,LIPJ,10,10:90356598,G,A,0.3,-0.13,0.13,0.2882
Liking,Method2,2.5% with 0.2% FA,LIPJ,10,10:90356598,G,A,0.3,0.08,0.15,0.5646
Liking,Method2,5.0% with 0.2% FA,LIPJ,10,10:90356598,G,A,0.3,-0.01,0.13,0.9078
Liking,Method2,mvGWAS,LIPJ,10,10:90356598,G,A,0.3,0,0,0.3813
Liking,Method2,2.5% NoFA,LIPK,10,10:90506963,T,C,0.3,0.05,0.14,0.7352
Liking,Method2,5.0% NoFA,LIPK,10,10:90506963,T,C,0.3,0.26,0.13,0.049
Liking,Method2,10% NoFA,LIPK,10,10:90506963,T,C,0.3,0.03,0.12,0.8009
Liking,Method2,15% NoFA,LIPK,10,10:90506963,T,C,0.3,0.02,0.13,0.8439
Liking,Method2,2.5% with 0.2% FA,LIPK,10,10:90506963,T,C,0.3,0.13,0.15,0.3696
Liking,Method2,5.0% with 0.2% FA,LIPK,10,10:90506963,T,C,0.3,0.01,0.13,0.9122
Liking,Method2,mvGWAS,LIPK,10,10:90506963,T,C,0.31,0,0,0.382
Liking,Method2,2.5% NoFA,LIPM,10,10:90579672,G,A,0.09,0.06,0.21,0.7866
Liking,Method2,5.0% NoFA,LIPM,10,10:90579672,G,A,0.09,0.27,0.2,0.1824
Liking,Method2,10% NoFA,LIPM,10,10:90579672,G,A,0.09,-0.08,0.18,0.651
Liking,Method2,15% NoFA,LIPM,10,10:90579672,G,A,0.09,-0.01,0.19,0.9615
Liking,Method2,2.5% with 0.2% FA,LIPM,10,10:90579672,G,A,0.09,-0.12,0.22,0.5945
Liking,Method2,5.0% with 0.2% FA,LIPM,10,10:90579672,G,A,0.09,-0.07,0.2,0.7155
Liking,Method2,mvGWAS,LIPM,10,10:90579672,G,A,0.09,0,0,0.6182
Liking,Method2,2.5% NoFA,LIPN,10,10:90527569,C,T,0.06,-0.57,0.26,0.0271
Liking,Method2,5.0% NoFA,LIPN,10,10:90527569,C,T,0.06,-0.49,0.25,0.045
Liking,Method2,10% NoFA,LIPN,10,10:90527569,C,T,0.06,-0.32,0.22,0.149
Liking,Method2,15% NoFA,LIPN,10,10:90527569,C,T,0.06,-0.42,0.24,0.0778
Liking,Method2,2.5% with 0.2% FA,LIPN,10,10:90527569,C,T,0.06,-0.56,0.28,0.0423
Liking,Method2,5.0% with 0.2% FA,LIPN,10,10:90527569,C,T,0.06,-0.26,0.24,0.2877
Liking,Method2,mvGWAS,LIPN,10,10:90527569,C,T,0.06,0,0,0.1066
Liking,Method2,2.5% NoFA,LYZ,12,12:69746391,T,C,0.07,-0.29,0.26,0.2726
Liking,Method2,5.0% NoFA,LYZ,12,12:69746391,T,C,0.07,-0.22,0.25,0.3699
Liking,Method2,10% NoFA,LYZ,12,12:69746391,T,C,0.07,-0.11,0.23,0.6286
Liking,Method2,15% NoFA,LYZ,12,12:69746391,T,C,0.07,-0.16,0.24,0.4967
Liking,Method2,2.5% with 0.2% FA,LYZ,12,12:69746391,T,C,0.07,-0.31,0.28,0.2718
Liking,Method2,5.0% with 0.2% FA,LYZ,12,12:69746391,T,C,0.07,-0.27,0.25,0.2708
Liking,Method2,mvGWAS,LYZ,12,12:69746391,T,C,0.07,0,0,0.8215
Liking,Method2,2.5% NoFA,MUC5B,11,11:1250583,T,C,0.06,-0.62,0.28,0.0267
Liking,Method2,5.0% NoFA,MUC5B,11,11:1250583,T,C,0.06,-0.44,0.27,0.0943
Liking,Method2,10% NoFA,MUC5B,11,11:1250583,T,C,0.06,0.06,0.24,0.8105
Liking,Method2,15% NoFA,MUC5B,11,11:1250583,T,C,0.06,-0.28,0.26,0.2809
Liking,Method2,2.5% with 0.2% FA,MUC5B,11,11:1250583,T,C,0.06,-0.18,0.3,0.5534
Liking,Method2,5.0% with 0.2% FA,MUC5B,11,11:1250583,T,C,0.06,-0.15,0.26,0.5733
Liking,Method2,mvGWAS,MUC5B,11,11:1250583,T,C,0.06,0,0,0.1292
Liking,Method2,2.5% NoFA,MUC7,4,4:71342921,A,G,0.08,0.31,0.21,0.1469
Liking,Method2,5.0% NoFA,MUC7,4,4:71342921,A,G,0.08,0.37,0.2,0.0672
Liking,Method2,10% NoFA,MUC7,4,4:71342921,A,G,0.08,-0.07,0.19,0.6897
Liking,Method2,15% NoFA,MUC7,4,4:71342921,A,G,0.08,0.43,0.2,0.0287
Liking,Method2,2.5% with 0.2% FA,MUC7,4,4:71342921,A,G,0.08,0.03,0.23,0.9098
Liking,Method2,5.0% with 0.2% FA,MUC7,4,4:71342921,A,G,0.08,0.02,0.2,0.9162
Liking,Method2,mvGWAS,MUC7,4,4:71342921,A,G,0.08,0,0,0.0702
Liking,Method2,2.5% NoFA,PIGR,1,1:207118228,T,C,0.18,-0.28,0.16,0.0855
Liking,Method2,5.0% NoFA,PIGR,1,1:207118228,T,C,0.18,-0.3,0.15,0.0543
Liking,Method2,10% NoFA,PIGR,1,1:207118228,T,C,0.18,0.03,0.14,0.8212
Liking,Method2,15% NoFA,PIGR,1,1:207118228,T,C,0.18,-0.04,0.15,0.7989
Liking,Method2,2.5% with 0.2% FA,PIGR,1,1:207118228,T,C,0.18,0,0.17,0.9904
Liking,Method2,5.0% with 0.2% FA,PIGR,1,1:207118228,T,C,0.18,-0.22,0.15,0.1378
Liking,Method2,mvGWAS,PIGR,1,1:207118228,T,C,0.18,0,0,0.0541
Liking,Method2,2.5% NoFA,PNLIP,10,10:118326896,T,C,0.18,-0.16,0.17,0.3605
Liking,Method2,5.0% NoFA,PNLIP,10,10:118326896,T,C,0.18,-0.22,0.16,0.1709
Liking,Method2,10% NoFA,PNLIP,10,10:118326896,T,C,0.18,0.05,0.15,0.7272
Liking,Method2,15% NoFA,PNLIP,10,10:118326896,T,C,0.18,0.03,0.16,0.8374
Liking,Method2,2.5% with 0.2% FA,PNLIP,10,10:118326896,T,C,0.18,-0.05,0.18,0.7939
Liking,Method2,5.0% with 0.2% FA,PNLIP,10,10:118326896,T,C,0.18,0.06,0.16,0.6879
Liking,Method2,mvGWAS,PNLIP,10,10:118326896,T,C,0.18,0,0,0.4931
Liking,Method2,2.5% NoFA,PNLIPRP1,10,10:118367227,C,G,0.09,-0.33,0.23,0.1517
Liking,Method2,5.0% NoFA,PNLIPRP1,10,10:118367227,C,G,0.09,-0.74,0.22,0.0008
Liking,Method2,10% NoFA,PNLIPRP1,10,10:118367227,C,G,0.09,-0.38,0.2,0.0584
Liking,Method2,15% NoFA,PNLIPRP1,10,10:118367227,C,G,0.09,-0.41,0.21,0.0543
Liking,Method2,2.5% with 0.2% FA,PNLIPRP1,10,10:118367227,C,G,0.09,-0.49,0.25,0.0493
Liking,Method2,5.0% with 0.2% FA,PNLIPRP1,10,10:118367227,C,G,0.09,-0.36,0.22,0.0978
Liking,Method2,mvGWAS,PNLIPRP1,10,10:118367227,C,G,0.09,0,0,0.0246
Liking,Method2,2.5% NoFA,PNLIPRP2,10,10:118386706,T,C,0.19,0.05,0.16,0.7563
Liking,Method2,5.0% NoFA,PNLIPRP2,10,10:118386706,T,C,0.19,-0.4,0.15,0.0085
Liking,Method2,10% NoFA,PNLIPRP2,10,10:118386706,T,C,0.19,-0.08,0.14,0.5696
Liking,Method2,15% NoFA,PNLIPRP2,10,10:118386706,T,C,0.19,-0.19,0.15,0.1903
Liking,Method2,2.5% with 0.2% FA,PNLIPRP2,10,10:118386706,T,C,0.19,-0.23,0.17,0.1808
Liking,Method2,5.0% with 0.2% FA,PNLIPRP2,10,10:118386706,T,C,0.19,-0.21,0.15,0.1567
Liking,Method2,mvGWAS,PNLIPRP2,10,10:118386706,T,C,0.19,0,0,0.048
Liking,Method2,2.5% NoFA,PNLIPRP3,10,10:118205538,C,T,0.11,0.28,0.21,0.1826
Liking,Method2,5.0% NoFA,PNLIPRP3,10,10:118205538,C,T,0.11,0.33,0.2,0.0999
Liking,Method2,10% NoFA,PNLIPRP3,10,10:118205538,C,T,0.11,0.15,0.18,0.4085
Liking,Method2,15% NoFA,PNLIPRP3,10,10:118205538,C,T,0.11,0.17,0.2,0.3725
Liking,Method2,2.5% with 0.2% FA,PNLIPRP3,10,10:118205538,C,T,0.11,0.2,0.23,0.3679
Liking,Method2,5.0% with 0.2% FA,PNLIPRP3,10,10:118205538,C,T,0.11,0.28,0.2,0.1651
Liking,Method2,mvGWAS,PNLIPRP3,10,10:118205538,C,T,0.11,0,0,0.5774
Liking,Method2,2.5% NoFA,PRB1,12,12:11544819,A,G,0.41,-0.07,0.12,0.5679
Liking,Method2,5.0% NoFA,PRB1,12,12:11544819,A,G,0.41,-0.24,0.11,0.0368
Liking,Method2,10% NoFA,PRB1,12,12:11544819,A,G,0.41,0.05,0.1,0.6597
Liking,Method2,15% NoFA,PRB1,12,12:11544819,A,G,0.41,0.04,0.11,0.6871
Liking,Method2,2.5% with 0.2% FA,PRB1,12,12:11544819,A,G,0.41,0.06,0.13,0.6196
Liking,Method2,5.0% with 0.2% FA,PRB1,12,12:11544819,A,G,0.41,0.07,0.11,0.556
Liking,Method2,mvGWAS,PRB1,12,12:11544819,A,G,0.41,0,0,0.0851
Liking,Method2,2.5% with 0.2% FA,PRB2,12,12:11625514,A,G,0.06,-0.52,0.27,0.054
Liking,Method2,5.0% with 0.2% FA,PRB2,12,12:11625514,A,G,0.06,-0.62,0.26,0.0179
Liking,Method2,2.5% NoFA,PRB2,12,12:11625514,A,G,0.06,-0.44,0.24,0.0609
Liking,Method2,5.0% NoFA,PRB2,12,12:11625514,A,G,0.06,-0.56,0.25,0.025
Liking,Method2,10% NoFA,PRB2,12,12:11625514,A,G,0.06,0.1,0.29,0.7433
Liking,Method2,15% NoFA,PRB2,12,12:11625514,A,G,0.06,-0.13,0.26,0.6198
Liking,Method2,mvGWAS,PRB2,12,12:11625514,A,G,0.06,0,0,0.0452
Liking,Method2,2.5% NoFA,PRB3,12,12:11421721,G,A,0.05,-0.04,0.29,0.8915
Liking,Method2,5.0% NoFA,PRB3,12,12:11421721,G,A,0.05,-0.25,0.28,0.3788
Liking,Method2,10% NoFA,PRB3,12,12:11421721,G,A,0.05,-0.2,0.26,0.429
Liking,Method2,15% NoFA,PRB3,12,12:11421721,G,A,0.05,0.1,0.27,0.7144
Liking,Method2,2.5% with 0.2% FA,PRB3,12,12:11421721,G,A,0.05,-0.11,0.32,0.718
Liking,Method2,5.0% with 0.2% FA,PRB3,12,12:11421721,G,A,0.05,-0.03,0.28,0.9002
Liking,Method2,mvGWAS,PRB3,12,12:11421721,G,A,0.05,0,0,0.8382
Liking,Method2,2.5% NoFA,PRB4,12,12:11460063,A,C,0.16,0.13,0.16,0.4291
Liking,Method2,5.0% NoFA,PRB4,12,12:11460063,A,C,0.16,-0.04,0.16,0.7939
Liking,Method2,10% NoFA,PRB4,12,12:11460063,A,C,0.16,0.06,0.14,0.6828
Liking,Method2,15% NoFA,PRB4,12,12:11460063,A,C,0.16,0.13,0.15,0.4034
Liking,Method2,2.5% with 0.2% FA,PRB4,12,12:11460063,A,C,0.16,0.36,0.18,0.0382
Liking,Method2,5.0% with 0.2% FA,PRB4,12,12:11460063,A,C,0.16,0.06,0.15,0.6838
Liking,Method2,mvGWAS,PRB4,12,12:11460063,A,C,0.16,0,0,0.3117
Fattiness,Method2,2.5% NoFA,CD36,7,7:80045088,G,T,0.12,-0.07,0.18,0.6793
Fattiness,Method2,5.0% NoFA,CD36,7,7:80045088,G,T,0.12,-0.55,0.19,0.0042
Fattiness,Method2,10% NoFA,CD36,7,7:80045088,G,T,0.12,-0.49,0.19,0.0115
Fattiness,Method2,15% NoFA,CD36,7,7:80045088,G,T,0.12,-0.43,0.19,0.0256
Fattiness,Method2,2.5% with 0.2% FA,CD36,7,7:80045088,G,T,0.12,-0.46,0.2,0.0209
Fattiness,Method2,5.0% with 0.2% FA,CD36,7,7:80045088,G,T,0.12,-0.25,0.21,0.2265
Fattiness,Method2,mvGWAS,CD36,7,7:80045088,G,T,0.12,0,0,0.0201
Fattiness,Method2,2.5% NoFA,GNAT3,7,7:80100969,A,C,0.09,0.19,0.22,0.3821
Fattiness,Method2,5.0% NoFA,GNAT3,7,7:80100969,A,C,0.09,0.32,0.23,0.1684
Fattiness,Method2,10% NoFA,GNAT3,7,7:80100969,A,C,0.09,0.12,0.23,0.5944
Fattiness,Method2,15% NoFA,GNAT3,7,7:80100969,A,C,0.09,-0.16,0.23,0.4866
Fattiness,Method2,2.5% with 0.2% FA,GNAT3,7,7:80100969,A,C,0.09,-0.04,0.24,0.8688
Fattiness,Method2,5.0% with 0.2% FA,GNAT3,7,7:80100969,A,C,0.09,0.16,0.25,0.5288
Fattiness,Method2,mvGWAS,GNAT3,7,7:80100969,A,C,0.09,0,0,0.5204
Fattiness,Method2,2.5% NoFA,GPR120,10,10:95357918,G,A,0.3,-0.08,0.13,0.5363
Fattiness,Method2,5.0% NoFA,GPR120,10,10:95357918,G,A,0.3,-0.31,0.14,0.0274
Fattiness,Method2,10% NoFA,GPR120,10,10:95357918,G,A,0.3,-0.17,0.14,0.208
Fattiness,Method2,15% NoFA,GPR120,10,10:95357918,G,A,0.3,-0.16,0.14,0.2363
Fattiness,Method2,2.5% with 0.2% FA,GPR120,10,10:95357918,G,A,0.3,-0.37,0.14,0.0104
Fattiness,Method2,5.0% with 0.2% FA,GPR120,10,10:95357918,G,A,0.3,-0.2,0.15,0.1802
Fattiness,Method2,mvGWAS,GPR120,10,10:95357918,G,A,0.3,0,0,0.1653
Fattiness,Method2,2.5% NoFA,GPR40,19,19:35843086,A,G,0.21,-0.19,0.15,0.2093
Fattiness,Method2,5.0% NoFA,GPR40,19,19:35843086,A,G,0.21,-0.07,0.16,0.6498
Fattiness,Method2,10% NoFA,GPR40,19,19:35843086,A,G,0.21,-0.04,0.16,0.8144
Fattiness,Method2,15% NoFA,GPR40,19,19:35843086,A,G,0.21,-0.16,0.16,0.3154
Fattiness,Method2,2.5% with 0.2% FA,GPR40,19,19:35843086,A,G,0.21,-0.06,0.17,0.7148
Fattiness,Method2,5.0% with 0.2% FA,GPR40,19,19:35843086,A,G,0.21,0,0.17,0.9834
Fattiness,Method2,mvGWAS,GPR40,19,19:35843086,A,G,0.22,0,0,0.9099
Fattiness,Method2,2.5% NoFA,GPR41,19,19:35848955,T,C,0.24,0.42,0.14,0.0032
Fattiness,Method2,5.0% NoFA,GPR41,19,19:35848955,T,C,0.24,0.1,0.15,0.5195
Fattiness,Method2,10% NoFA,GPR41,19,19:35848955,T,C,0.24,0.02,0.15,0.902
Fattiness,Method2,15% NoFA,GPR41,19,19:35848955,T,C,0.24,0.25,0.15,0.0976
Fattiness,Method2,2.5% with 0.2% FA,GPR41,19,19:35848955,T,C,0.24,0.05,0.16,0.7718
Fattiness,Method2,5.0% with 0.2% FA,GPR41,19,19:35848955,T,C,0.24,0.25,0.16,0.1232
Fattiness,Method2,mvGWAS,GPR41,19,19:35848955,T,C,0.24,0,0,0.0513
Fattiness,Method2,2.5% NoFA,GPR43,19,19:35940453,C,G,0.22,-0.18,0.13,0.1689
Fattiness,Method2,5.0% NoFA,GPR43,19,19:35940453,C,G,0.22,-0.17,0.14,0.2186
Fattiness,Method2,10% NoFA,GPR43,19,19:35940453,C,G,0.22,-0.05,0.14,0.7265
Fattiness,Method2,15% NoFA,GPR43,19,19:35940453,C,G,0.22,-0.02,0.14,0.8696
Fattiness,Method2,2.5% with 0.2% FA,GPR43,19,19:35940453,C,G,0.22,-0.06,0.14,0.6534
Fattiness,Method2,5.0% with 0.2% FA,GPR43,19,19:35940453,C,G,0.22,0.1,0.15,0.5232
Fattiness,Method2,mvGWAS,GPR43,19,19:35940453,C,G,0.22,0,0,0.5413
Fattiness,Method2,2.5% NoFA,GPR84,12,12:54758330,G,A,0.46,0.07,0.11,0.5325
Fattiness,Method2,5.0% NoFA,GPR84,12,12:54758330,G,A,0.46,0.23,0.12,0.0577
Fattiness,Method2,10% NoFA,GPR84,12,12:54758330,G,A,0.46,0.03,0.12,0.7982
Fattiness,Method2,15% NoFA,GPR84,12,12:54758330,G,A,0.46,0.17,0.12,0.1651
Fattiness,Method2,2.5% with 0.2% FA,GPR84,12,12:54758330,G,A,0.46,0.15,0.13,0.2364
Fattiness,Method2,5.0% with 0.2% FA,GPR84,12,12:54758330,G,A,0.46,0.09,0.13,0.4808
Fattiness,Method2,mvGWAS,GPR84,12,12:54758330,G,A,0.46,0,0,0.4254
Fattiness,Method2,2.5% NoFA,KCNA2,1,1:111172690,C,T,0.07,0.5,0.22,0.0226
Fattiness,Method2,5.0% NoFA,KCNA2,1,1:111172690,C,T,0.07,0.69,0.23,0.0028
Fattiness,Method2,10% NoFA,KCNA2,1,1:111172690,C,T,0.07,0.38,0.23,0.1058
Fattiness,Method2,15% NoFA,KCNA2,1,1:111172690,C,T,0.07,0.62,0.23,0.0072
Fattiness,Method2,2.5% with 0.2% FA,KCNA2,1,1:111172690,C,T,0.07,0.48,0.24,0.0459
Fattiness,Method2,5.0% with 0.2% FA,KCNA2,1,1:111172690,C,T,0.07,0.38,0.25,0.13
Fattiness,Method2,mvGWAS,KCNA2,1,1:111172690,C,T,0.07,0,0,0.0171
Fattiness,Method2,2.5% NoFA,TRPM5,11,11:2435946,A,G,0.48,-0.16,0.12,0.1781
Fattiness,Method2,5.0% NoFA,TRPM5,11,11:2435946,A,G,0.48,-0.44,0.13,0.0004
Fattiness,Method2,10% NoFA,TRPM5,11,11:2435946,A,G,0.48,-0.33,0.13,0.0083
Fattiness,Method2,15% NoFA,TRPM5,11,11:2435946,A,G,0.48,-0.17,0.12,0.1642
Fattiness,Method2,2.5% with 0.2% FA,TRPM5,11,11:2435946,A,G,0.48,-0.22,0.13,0.096
Fattiness,Method2,5.0% with 0.2% FA,TRPM5,11,11:2435946,A,G,0.48,-0.19,0.14,0.1586
Fattiness,Method2,mvGWAS,TRPM5,11,11:2435946,A,G,0.48,0,0,0.0126
Fattiness,Method2,2.5% NoFA,AMY2A,1,1:104158889,T,C,0.07,-0.17,0.23,0.4486
Fattiness,Method2,5.0% NoFA,AMY2A,1,1:104158889,T,C,0.07,0.34,0.24,0.1634
Fattiness,Method2,10% NoFA,AMY2A,1,1:104158889,T,C,0.07,0.5,0.24,0.0382
Fattiness,Method2,15% NoFA,AMY2A,1,1:104158889,T,C,0.07,-0.17,0.24,0.4725
Fattiness,Method2,2.5% with 0.2% FA,AMY2A,1,1:104158889,T,C,0.07,0.28,0.25,0.2585
Fattiness,Method2,5.0% with 0.2% FA,AMY2A,1,1:104158889,T,C,0.07,0.56,0.26,0.0337
Fattiness,Method2,mvGWAS,AMY2A,1,1:104158889,T,C,0.08,0,0,0.0439
Fattiness,Method2,2.5% NoFA,GDI2,10,10:5824757,A,G,0.31,0.06,0.13,0.6491
Fattiness,Method2,5.0% NoFA,GDI2,10,10:5824757,A,G,0.31,0.29,0.14,0.0408
Fattiness,Method2,10% NoFA,GDI2,10,10:5824757,A,G,0.31,0.29,0.14,0.0408
Fattiness,Method2,15% NoFA,GDI2,10,10:5824757,A,G,0.31,0.14,0.14,0.3318
Fattiness,Method2,2.5% with 0.2% FA,GDI2,10,10:5824757,A,G,0.31,0.01,0.15,0.9386
Fattiness,Method2,5.0% with 0.2% FA,GDI2,10,10:5824757,A,G,0.31,0.19,0.15,0.2078
Fattiness,Method2,mvGWAS,GDI2,10,10:5824757,A,G,0.31,0,0,0.1861
Fattiness,Method2,2.5% NoFA,LCN1,9,9:138414357,T,A,0.16,0.09,0.17,0.6024
Fattiness,Method2,5.0% NoFA,LCN1,9,9:138414357,T,A,0.16,0.21,0.18,0.2361
Fattiness,Method2,10% NoFA,LCN1,9,9:138414357,T,A,0.16,0.15,0.18,0.3949
Fattiness,Method2,15% NoFA,LCN1,9,9:138414357,T,A,0.16,0.27,0.18,0.1274
Fattiness,Method2,2.5% with 0.2% FA,LCN1,9,9:138414357,T,A,0.16,0.08,0.19,0.6735
Fattiness,Method2,5.0% with 0.2% FA,LCN1,9,9:138414357,T,A,0.16,0.28,0.19,0.1443
Fattiness,Method2,mvGWAS,LCN1,9,9:138414357,T,A,0.16,0,0,0.5785
Fattiness,Method2,2.5% NoFA,LIPA,10,10:91022025,A,C,0.06,-0.07,0.23,0.7715
Fattiness,Method2,5.0% NoFA,LIPA,10,10:91022025,A,C,0.06,0.67,0.24,0.0063
Fattiness,Method2,10% NoFA,LIPA,10,10:91022025,A,C,0.06,0.02,0.24,0.9258
Fattiness,Method2,15% NoFA,LIPA,10,10:91022025,A,C,0.06,0.34,0.24,0.1674
Fattiness,Method2,2.5% with 0.2% FA,LIPA,10,10:91022025,A,C,0.06,0.08,0.25,0.7618
Fattiness,Method2,5.0% with 0.2% FA,LIPA,10,10:91022025,A,C,0.06,0.01,0.26,0.9745
Fattiness,Method2,mvGWAS,LIPA,10,10:91022025,A,C,0.06,0,0,0.0232
Fattiness,Method2,2.5% NoFA,LIPC,15,15:58712817,G,C,0.16,0.38,0.15,0.0114
Fattiness,Method2,5.0% NoFA,LIPC,15,15:58712817,G,C,0.16,0.44,0.16,0.0057
Fattiness,Method2,10% NoFA,LIPC,15,15:58712817,G,C,0.16,0.19,0.16,0.2482
Fattiness,Method2,15% NoFA,LIPC,15,15:58712817,G,C,0.16,0.3,0.16,0.0602
Fattiness,Method2,2.5% with 0.2% FA,LIPC,15,15:58712817,G,C,0.16,0.39,0.17,0.0186
Fattiness,Method2,5.0% with 0.2% FA,LIPC,15,15:58712817,G,C,0.16,0.22,0.17,0.2026
Fattiness,Method2,mvGWAS,LIPC,15,15:58712817,G,C,0.16,0,0,0.0318
Fattiness,Method2,2.5% NoFA,LIPD,8,8:19817546,T,C,0.14,-0.15,0.16,0.3489
Fattiness,Method2,5.0% NoFA,LIPD,8,8:19817546,T,C,0.14,-0.4,0.17,0.0216
Fattiness,Method2,10% NoFA,LIPD,8,8:19817546,T,C,0.14,-0.22,0.17,0.2108
Fattiness,Method2,15% NoFA,LIPD,8,8:19817546,T,C,0.14,-0.07,0.17,0.7028
Fattiness,Method2,2.5% with 0.2% FA,LIPD,8,8:19817546,T,C,0.14,-0.11,0.18,0.5463
Fattiness,Method2,5.0% with 0.2% FA,LIPD,8,8:19817546,T,C,0.14,-0.07,0.19,0.7005
Fattiness,Method2,mvGWAS,LIPD,8,8:19817546,T,C,0.14,0,0,0.3703
Fattiness,Method2,2.5% NoFA,LIPE,19,19:42929592,A,T,0.07,-0.31,0.24,0.1876
Fattiness,Method2,5.0% NoFA,LIPE,19,19:42929592,A,T,0.07,-0.21,0.25,0.3954
Fattiness,Method2,10% NoFA,LIPE,19,19:42929592,A,T,0.07,-0.01,0.25,0.9827
Fattiness,Method2,15% NoFA,LIPE,19,19:42929592,A,T,0.07,0.02,0.25,0.927
Fattiness,Method2,2.5% with 0.2% FA,LIPE,19,19:42929592,A,T,0.07,0.52,0.26,0.0442
Fattiness,Method2,5.0% with 0.2% FA,LIPE,19,19:42929592,A,T,0.07,-0.02,0.27,0.9366
Fattiness,Method2,mvGWAS,LIPE,19,19:42929592,A,T,0.07,0,0,0.0999
Fattiness,Method2,2.5% NoFA,LIPF,10,10:90433345,A,T,0.11,0.05,0.19,0.7915
Fattiness,Method2,5.0% NoFA,LIPF,10,10:90433345,A,T,0.11,0.43,0.2,0.0325
Fattiness,Method2,10% NoFA,LIPF,10,10:90433345,A,T,0.11,0.48,0.2,0.0181
Fattiness,Method2,15% NoFA,LIPF,10,10:90433345,A,T,0.11,0.33,0.2,0.0985
Fattiness,Method2,2.5% with 0.2% FA,LIPF,10,10:90433345,A,T,0.11,0.06,0.21,0.7625
Fattiness,Method2,5.0% with 0.2% FA,LIPF,10,10:90433345,A,T,0.11,0.51,0.22,0.0209
Fattiness,Method2,mvGWAS,LIPF,10,10:90433345,A,T,0.11,0,0,0.0272
Fattiness,Method2,2.5% NoFA,LIPG,18,18:47103400,A,T,0.06,-0.05,0.26,0.8503
Fattiness,Method2,5.0% NoFA,LIPG,18,18:47103400,A,T,0.06,0.22,0.27,0.4145
Fattiness,Method2,10% NoFA,LIPG,18,18:47103400,A,T,0.06,0.07,0.27,0.8124
Fattiness,Method2,15% NoFA,LIPG,18,18:47103400,A,T,0.06,0.09,0.27,0.7509
Fattiness,Method2,2.5% with 0.2% FA,LIPG,18,18:47103400,A,T,0.06,0.17,0.29,0.5553
Fattiness,Method2,5.0% with 0.2% FA,LIPG,18,18:47103400,A,T,0.06,0.63,0.3,0.0332
Fattiness,Method2,mvGWAS,LIPG,18,18:47103400,A,T,0.06,0,0,0.3894
Fattiness,Method2,2.5% NoFA,LIPH,3,3:185254977,T,C,0.21,-0.03,0.15,0.8331
Fattiness,Method2,5.0% NoFA,LIPH,3,3:185254977,T,C,0.21,-0.2,0.16,0.2074
Fattiness,Method2,10% NoFA,LIPH,3,3:185254977,T,C,0.21,-0.27,0.16,0.0833
Fattiness,Method2,15% NoFA,LIPH,3,3:185254977,T,C,0.21,0,0.16,0.9875
Fattiness,Method2,2.5% with 0.2% FA,LIPH,3,3:185254977,T,C,0.21,-0.24,0.16,0.1394
Fattiness,Method2,5.0% with 0.2% FA,LIPH,3,3:185254977,T,C,0.21,-0.12,0.17,0.471
Fattiness,Method2,mvGWAS,LIPH,3,3:185254977,T,C,0.21,0,0,0.5173
Fattiness,Method2,2.5% NoFA,LIPI,21,21:15510247,T,A,0.17,-0.23,0.17,0.1828
Fattiness,Method2,5.0% NoFA,LIPI,21,21:15510247,T,A,0.17,-0.51,0.18,0.0051
Fattiness,Method2,10% NoFA,LIPI,21,21:15510247,T,A,0.17,-0.43,0.18,0.0174
Fattiness,Method2,15% NoFA,LIPI,21,21:15510247,T,A,0.17,-0.54,0.18,0.0029
Fattiness,Method2,2.5% with 0.2% FA,LIPI,21,21:15510247,T,A,0.17,-0.27,0.19,0.1506
Fattiness,Method2,5.0% with 0.2% FA,LIPI,21,21:15510247,T,A,0.17,-0.32,0.2,0.1106
Fattiness,Method2,mvGWAS,LIPI,21,21:15510247,T,A,0.17,0,0,0.0119
Fattiness,Method2,2.5% NoFA,LIPJ,10,10:90355473,G,A,0.07,-0.12,0.25,0.6169
Fattiness,Method2,5.0% NoFA,LIPJ,10,10:90355473,G,A,0.07,-0.45,0.26,0.0804
Fattiness,Method2,10% NoFA,LIPJ,10,10:90355473,G,A,0.07,-0.2,0.26,0.4309
Fattiness,Method2,15% NoFA,LIPJ,10,10:90355473,G,A,0.07,-0.13,0.26,0.6289
Fattiness,Method2,2.5% with 0.2% FA,LIPJ,10,10:90355473,G,A,0.07,-0.31,0.27,0.2561
Fattiness,Method2,5.0% with 0.2% FA,LIPJ,10,10:90355473,G,A,0.07,-0.49,0.28,0.0794
Fattiness,Method2,mvGWAS,LIPJ,10,10:90355473,G,A,0.07,0,0,0.465
Fattiness,Method2,2.5% NoFA,LIPK,10,10:90490627,C,T,0.32,-0.07,0.13,0.5763
Fattiness,Method2,5.0% NoFA,LIPK,10,10:90490627,C,T,0.32,-0.18,0.14,0.1905
Fattiness,Method2,10% NoFA,LIPK,10,10:90490627,C,T,0.32,-0.06,0.14,0.6398
Fattiness,Method2,15% NoFA,LIPK,10,10:90490627,C,T,0.32,-0.03,0.13,0.8254
Fattiness,Method2,2.5% with 0.2% FA,LIPK,10,10:90490627,C,T,0.32,-0.05,0.14,0.7467
Fattiness,Method2,5.0% with 0.2% FA,LIPK,10,10:90490627,C,T,0.32,0.07,0.15,0.6127
Fattiness,Method2,mvGWAS,LIPK,10,10:90490627,C,T,0.32,0,0,0.7464
Fattiness,Method2,2.5% NoFA,LIPM,10,10:90576816,C,T,0.08,-0.19,0.22,0.3887
Fattiness,Method2,5.0% NoFA,LIPM,10,10:90576816,C,T,0.08,0.32,0.23,0.1735
Fattiness,Method2,10% NoFA,LIPM,10,10:90576816,C,T,0.08,-0.19,0.23,0.4169
Fattiness,Method2,15% NoFA,LIPM,10,10:90576816,C,T,0.08,-0.04,0.23,0.8531
Fattiness,Method2,2.5% with 0.2% FA,LIPM,10,10:90576816,C,T,0.08,0.33,0.24,0.1827
Fattiness,Method2,5.0% with 0.2% FA,LIPM,10,10:90576816,C,T,0.08,0.26,0.25,0.3005
Fattiness,Method2,mvGWAS,LIPM,10,10:90576816,C,T,0.08,0,0,0.1391
Fattiness,Method2,2.5% NoFA,LIPN,10,10:90533235,G,A,0.48,-0.06,0.12,0.6035
Fattiness,Method2,5.0% NoFA,LIPN,10,10:90533235,G,A,0.48,-0.3,0.12,0.0145
Fattiness,Method2,10% NoFA,LIPN,10,10:90533235,G,A,0.48,-0.12,0.12,0.3261
Fattiness,Method2,15% NoFA,LIPN,10,10:90533235,G,A,0.48,-0.21,0.12,0.0854
Fattiness,Method2,2.5% with 0.2% FA,LIPN,10,10:90533235,G,A,0.48,-0.05,0.13,0.6807
Fattiness,Method2,5.0% with 0.2% FA,LIPN,10,10:90533235,G,A,0.48,0.16,0.13,0.24
Fattiness,Method2,mvGWAS,LIPN,10,10:90533235,G,A,0.48,0,0,0.0129
Fattiness,Method2,2.5% NoFA,LYZ,12,12:69742967,C,G,0.44,-0.19,0.13,0.1455
Fattiness,Method2,5.0% NoFA,LYZ,12,12:69742967,C,G,0.44,-0.17,0.14,0.2096
Fattiness,Method2,10% NoFA,LYZ,12,12:69742967,C,G,0.44,-0.08,0.14,0.5526
Fattiness,Method2,15% NoFA,LYZ,12,12:69742967,C,G,0.44,-0.15,0.14,0.2847
Fattiness,Method2,2.5% with 0.2% FA,LYZ,12,12:69742967,C,G,0.44,-0.15,0.14,0.2813
Fattiness,Method2,5.0% with 0.2% FA,LYZ,12,12:69742967,C,G,0.44,-0.24,0.15,0.1175
Fattiness,Method2,mvGWAS,LYZ,12,12:69742967,C,G,0.44,0,0,0.5906
Fattiness,Method2,2.5% NoFA,MUC5B,11,11:1253136,T,C,0.07,-0.07,0.24,0.7575
Fattiness,Method2,5.0% NoFA,MUC5B,11,11:1253136,T,C,0.07,0.6,0.26,0.0196
Fattiness,Method2,10% NoFA,MUC5B,11,11:1253136,T,C,0.07,0.32,0.26,0.2052
Fattiness,Method2,15% NoFA,MUC5B,11,11:1253136,T,C,0.07,0.2,0.25,0.4287
Fattiness,Method2,2.5% with 0.2% FA,MUC5B,11,11:1253136,T,C,0.07,0.46,0.26,0.081
Fattiness,Method2,5.0% with 0.2% FA,MUC5B,11,11:1253136,T,C,0.07,0.08,0.28,0.7711
Fattiness,Method2,mvGWAS,MUC5B,11,11:1253136,T,C,0.07,0,0,0.1574
Fattiness,Method2,2.5% NoFA,MUC7,4,4:71319058,T,C,0.05,0.17,0.28,0.5543
Fattiness,Method2,5.0% NoFA,MUC7,4,4:71319058,T,C,0.05,0.58,0.29,0.0501
Fattiness,Method2,10% NoFA,MUC7,4,4:71319058,T,C,0.05,0.28,0.29,0.3383
Fattiness,Method2,15% NoFA,MUC7,4,4:71319058,T,C,0.05,-0.07,0.29,0.8246
Fattiness,Method2,2.5% with 0.2% FA,MUC7,4,4:71319058,T,C,0.05,-0.23,0.31,0.4525
Fattiness,Method2,5.0% with 0.2% FA,MUC7,4,4:71319058,T,C,0.05,-0.11,0.32,0.7188
Fattiness,Method2,mvGWAS,MUC7,4,4:71319058,T,C,0.05,0,0,0.1697
Fattiness,Method2,2.5% NoFA,PIGR,1,1:207111257,G,T,0.35,-0.04,0.13,0.7733
Fattiness,Method2,5.0% NoFA,PIGR,1,1:207111257,G,T,0.35,-0.2,0.14,0.1444
Fattiness,Method2,10% NoFA,PIGR,1,1:207111257,G,T,0.35,0.05,0.14,0.6953
Fattiness,Method2,15% NoFA,PIGR,1,1:207111257,G,T,0.35,-0.04,0.14,0.7602
Fattiness,Method2,2.5% with 0.2% FA,PIGR,1,1:207111257,G,T,0.35,0.04,0.14,0.7535
Fattiness,Method2,5.0% with 0.2% FA,PIGR,1,1:207111257,G,T,0.35,0.2,0.15,0.174
Fattiness,Method2,mvGWAS,PIGR,1,1:207111257,G,T,0.35,0,0,0.3336
Fattiness,Method2,2.5% NoFA,PNLIP,10,10:118315835,C,T,0.08,0.24,0.23,0.2897
Fattiness,Method2,5.0% NoFA,PNLIP,10,10:118315835,C,T,0.08,-0.29,0.24,0.2273
Fattiness,Method2,10% NoFA,PNLIP,10,10:118315835,C,T,0.08,-0.3,0.24,0.2136
Fattiness,Method2,15% NoFA,PNLIP,10,10:118315835,C,T,0.08,-0.1,0.24,0.6655
Fattiness,Method2,2.5% with 0.2% FA,PNLIP,10,10:118315835,C,T,0.08,-0.32,0.25,0.1977
Fattiness,Method2,5.0% with 0.2% FA,PNLIP,10,10:118315835,C,T,0.08,-0.53,0.26,0.0406
Fattiness,Method2,mvGWAS,PNLIP,10,10:118315835,C,T,0.08,0,0,0.1801
Fattiness,Method2,2.5% NoFA,PNLIPRP1,10,10:118355695,T,A,0.46,-0.15,0.11,0.1653
Fattiness,Method2,5.0% NoFA,PNLIPRP1,10,10:118355695,T,A,0.46,-0.29,0.11,0.0114
Fattiness,Method2,10% NoFA,PNLIPRP1,10,10:118355695,T,A,0.46,-0.05,0.11,0.6379
Fattiness,Method2,15% NoFA,PNLIPRP1,10,10:118355695,T,A,0.46,-0.13,0.11,0.2496
Fattiness,Method2,2.5% with 0.2% FA,PNLIPRP1,10,10:118355695,T,A,0.46,-0.28,0.12,0.0171
Fattiness,Method2,5.0% with 0.2% FA,PNLIPRP1,10,10:118355695,T,A,0.46,-0.02,0.12,0.8464
Fattiness,Method2,mvGWAS,PNLIPRP1,10,10:118355695,T,A,0.46,0,0,0.0418
Fattiness,Method2,2.5% NoFA,PNLIPRP2,10,10:118393543,G,A,0.19,0.01,0.15,0.9636
Fattiness,Method2,5.0% NoFA,PNLIPRP2,10,10:118393543,G,A,0.19,0.23,0.16,0.1659
Fattiness,Method2,10% NoFA,PNLIPRP2,10,10:118393543,G,A,0.19,0.06,0.16,0.7291
Fattiness,Method2,15% NoFA,PNLIPRP2,10,10:118393543,G,A,0.19,-0.13,0.16,0.4206
Fattiness,Method2,2.5% with 0.2% FA,PNLIPRP2,10,10:118393543,G,A,0.19,0.07,0.17,0.6877
Fattiness,Method2,5.0% with 0.2% FA,PNLIPRP2,10,10:118393543,G,A,0.19,0.04,0.18,0.8439
Fattiness,Method2,mvGWAS,PNLIPRP2,10,10:118393543,G,A,0.19,0,0,0.6914
Fattiness,Method2,2.5% NoFA,PNLIPRP3,10,10:118217042,G,A,0.08,0.05,0.23,0.8117
Fattiness,Method2,5.0% NoFA,PNLIPRP3,10,10:118217042,G,A,0.08,0.47,0.25,0.0557
Fattiness,Method2,10% NoFA,PNLIPRP3,10,10:118217042,G,A,0.08,0.17,0.25,0.4992
Fattiness,Method2,15% NoFA,PNLIPRP3,10,10:118217042,G,A,0.08,-0.01,0.25,0.9523
Fattiness,Method2,2.5% with 0.2% FA,PNLIPRP3,10,10:118217042,G,A,0.08,0.03,0.25,0.8954
Fattiness,Method2,5.0% with 0.2% FA,PNLIPRP3,10,10:118217042,G,A,0.08,0.3,0.27,0.2701
Fattiness,Method2,mvGWAS,PNLIPRP3,10,10:118217042,G,A,0.08,0,0,0.4435
Fattiness,Method2,2.5% NoFA,PRB1,12,12:11544288,A,G,0.39,-0.07,0.11,0.5463
Fattiness,Method2,5.0% NoFA,PRB1,12,12:11544288,A,G,0.39,0.07,0.12,0.5627
Fattiness,Method2,10% NoFA,PRB1,12,12:11544288,A,G,0.39,-0.01,0.12,0.9091
Fattiness,Method2,15% NoFA,PRB1,12,12:11544288,A,G,0.39,-0.01,0.11,0.9191
Fattiness,Method2,2.5% with 0.2% FA,PRB1,12,12:11544288,A,G,0.39,-0.08,0.12,0.4955
Fattiness,Method2,5.0% with 0.2% FA,PRB1,12,12:11544288,A,G,0.39,-0.14,0.12,0.2791
Fattiness,Method2,mvGWAS,PRB1,12,12:11544288,A,G,0.39,0,0,0.7575
Fattiness,Method2,2.5% NoFA,PRB2,12,12:11606633,A,G,0.07,0.23,0.25,0.3411
Fattiness,Method2,5.0% NoFA,PRB2,12,12:11606633,A,G,0.07,0.71,0.26,0.0065
Fattiness,Method2,10% NoFA,PRB2,12,12:11606633,A,G,0.07,0.27,0.26,0.3071
Fattiness,Method2,15% NoFA,PRB2,12,12:11606633,A,G,0.07,-0.04,0.26,0.8689
Fattiness,Method2,2.5% with 0.2% FA,PRB2,12,12:11606633,A,G,0.07,0.34,0.27,0.2109
Fattiness,Method2,5.0% with 0.2% FA,PRB2,12,12:11606633,A,G,0.07,0.57,0.28,0.0453
Fattiness,Method2,mvGWAS,PRB2,12,12:11606633,A,G,0.07,0,0,0.0489
Fattiness,Method2,2.5% NoFA,PRB3,12,12:11422190,C,A,0.05,-0.26,0.27,0.3287
Fattiness,Method2,5.0% NoFA,PRB3,12,12:11422190,C,A,0.05,-0.25,0.29,0.3871
Fattiness,Method2,10% NoFA,PRB3,12,12:11422190,C,A,0.05,-0.22,0.29,0.4512
Fattiness,Method2,15% NoFA,PRB3,12,12:11422190,C,A,0.05,-0.02,0.28,0.9506
Fattiness,Method2,2.5% with 0.2% FA,PRB3,12,12:11422190,C,A,0.05,0.17,0.3,0.5705
Fattiness,Method2,5.0% with 0.2% FA,PRB3,12,12:11422190,C,A,0.05,0.07,0.31,0.8294
Fattiness,Method2,mvGWAS,PRB3,12,12:11422190,C,A,0.05,0,0,0.7413
Fattiness,Method2,2.5% NoFA,PRB4,12,12:11460257,C,G,0.09,-0.02,0.2,0.9087
Fattiness,Method2,5.0% NoFA,PRB4,12,12:11460257,C,G,0.09,0.12,0.22,0.5708
Fattiness,Method2,10% NoFA,PRB4,12,12:11460257,C,G,0.09,0.27,0.22,0.2046
Fattiness,Method2,15% NoFA,PRB4,12,12:11460257,C,G,0.09,0.23,0.22,0.2771
Fattiness,Method2,2.5% with 0.2% FA,PRB4,12,12:11460257,C,G,0.09,0.08,0.22,0.715
Fattiness,Method2,5.0% with 0.2% FA,PRB4,12,12:11460257,C,G,0.09,0.4,0.23,0.0905
Fattiness,Method2,mvGWAS,PRB4,12,12:11460257,C,G,0.09,0,0,0.551
