IID,10:8085050,19:22476027
TW_3_TW_3,GG,GG
TW_5_TW_5,GG,GG
TW_8_TW_8,GG,GG
TW_11_TW_11,GG,GG
TW_13_TW_13,GG,GG
TW_15_TW_15,GG,AG
TW_21_TW_21,GG,GG
TW_36_TW_36,GG,GG
TW_39_TW_39,GG,GG
TW_40_TW_40,GG,GG
TW_41_TW_41,GG,GG
TW_42_TW_42,GG,GG
TW_43_TW_43,GG,GG
TW_45_TW_45,GG,AG
TW_47_TW_47,GG,GG
TW_49_TW_49,GG,GG
TW_53_TW_53,GG,GG
TW_58_TW_58,GG,GG
TW_59_TW_59,GG,GG
TW_73_TW_73,GG,GG
TW_79_TW_79,GG,GG
TW_84_TW_84,AG,AG
TW_85_TW_85,AG,AG
TW_88_TW_88,GG,GG
TW_91_TW_91,GG,GG
TW_97_TW_97,GG,GG
TW_105_TW_105,GG,GG
TW_107_TW_107,AG,GG
TW_109_TW_109,GG,GG
TW_115_TW_115,GG,GG
TW_120_TW_120,GG,GG
TW_125_TW_125,GG,GG
TW_133_TW_133,GG,GG
TW_141_TW_141,AG,GG
TW_142_TW_142,GG,GG
TW_155_TW_155,GG,GG
TW_157_TW_157,GG,GG
TW_165_TW_165,GG,GG
TW_166_TW_166,GG,GG
TW_168_TW_168,GG,GG
TW_173_TW_173,AG,GG
TW_175_TW_175,GG,GG
TW_183_TW_183,GG,AG
TW_184_TW_184,GG,AG
TW_186_TW_186,GG,GG
TW_187_TW_187,GG,AG
TW_191_TW_191,GG,GG
TW_199_TW_199,GG,GG
TW_200_TW_200,AG,AG
TW_201_TW_201,AG,GG
TW_202_dup_TW_202_dup,GG,GG
TW_202_TW_202,GG,GG
TW_219_TW_219,GG,GG
TW_223_TW_223,GG,GG
TW_230_TW_230,GG,GG
TW_233_TW_233,GG,GG
TW_235_TW_235,GG,GG
TW_237_TW_237,GG,AG
TW_238_TW_238,GG,AG
TW_239_TW_239,GG,GG
TW_247_TW_247,AG,AG
TW_251_TW_251,GG,GG
TW_252_TW_252,GG,GG
TW_253_TW_253,GG,GG
TW_254_TW_254,GG,AG
TW_255_TW_255,GG,AG
TW_257_TW_257,GG,GG
TW_259_TW_259,GG,GG
TW_261_TW_261,GG,AG
TW_263_TW_263,GG,GG
TW_265_TW_265,GG,GG
TW_269_TW_269,AG,GG
TW_270_TW_270,AG,GG
TW_271_TW_271,AG,GG
TW_272_TW_272,GG,GG
TW_275_TW_275,GG,AG
TW_276_TW_276,GG,AG
TW_277_TW_277,GG,GG
TW_279_TW_279,GG,GG
TW_286_TW_286,GG,GG
TW_287_TW_287,GG,GG
TW_289_TW_289,GG,GG
TW_291_TW_291,GG,GG
TW_294_TW_294,GG,GG
TW_295_TW_295,GG,GG
TW_301_TW_301,GG,GG
TW_303_TW_303,AG,AG
TW_310_TW_310,GG,GG
TW_311_TW_311,GG,GG
TW_315_TW_315,GG,GG
TW_317_TW_317,GG,GG
TW_319_TW_319,GG,GG
TW_320_TW_320,GG,GG
TW_331_TW_331,GG,GG
TW_335_TW_335,AG,GG
TW_342_TW_342,GG,GG
TW_343_TW_343,GG,AG
TW_345_TW_345,GG,GG
TW_347_TW_347,GG,GG
TW_349_TW_349,GG,AG
TW_357_TW_357,GG,GG
TW_363_TW_363,GG,GG
TW_365_TW_365,GG,AG
TW_377_TW_377,GG,GG
TW_381_TW_381,GG,GG
TW_383_TW_383,GG,GG
TW_386_TW_386,AG,GG
TW_390_TW_390,GG,GG
TW_393_TW_393,GG,GG
TW_395_TW_395,GG,GG
TW_407_dup_TW_407_dup,GG,GG
TW_407_TW_407,GG,GG
TW_411_TW_411,AG,AG
TW_425_TW_425,GG,GG
TW_427_TW_427,GG,GG
TW_439_TW_439,GG,GG
TW_441_TW_441,GG,GG
TW_447_TW_447,AG,GG
TW_449_TW_449,GG,GG
TW_451_TW_451,GG,GG
TW_453_TW_453,AG,AG
TW_455_TW_455,GG,GG
TW_456_TW_456,GG,GG
TW_465_TW_465,AG,GG
TW_469_TW_469,GG,GG
TW_471_TW_471,GG,GG
TW_473_TW_473,GG,AG
TW_474_TW_474,GG,AG
TW_479_TW_479,GG,GG
TW_481_TW_481,GG,AG
TW_488_TW_488,GG,GG
TW_489_TW_489,GG,GG
TW_491_TW_491,GG,AG
TW_492_TW_492,GG,AG
TW_493_TW_493,GG,GG
TW_495_TW_495,GG,GG
TW_499_TW_499,GG,GG
TW_500_TW_500,GG,GG
TW_501_TW_501,GG,AG
TW_505_TW_505,GG,GG
TW_506_TW_506,GG,GG
TW_507_TW_507,GG,GG
TW_509_TW_509,GG,GG
TW_519_TW_519,GG,GG
TW_522_TW_522,GG,AG
TW_527_TW_527,GG,GG
TW_529_TW_529,GG,AG
TW_531_TW_531,GG,GG
TW_541_TW_541,GG,GG
TW_545_TW_545,AG,GG
TW_546_TW_546,GG,GG
TW_548_TW_548,GG,GG
TW_555_TW_555,GG,GG
TW_559_TW_559,GG,GG
TW_569_TW_569,GG,GG
TW_571_TW_571,GG,GG
TW_583_TW_583,GG,AG
TW_585_TW_585,GG,GG
TW_586_TW_586,GG,GG
TW_589_TW_589,AG,GG
TW_601_TW_601,GG,GG
TW_614_TW_614,GG,AG
TW_615_TW_615,GG,GG
TW_627_dup_TW_627_dup,GG,AG
TW_627_TW_627,GG,AG
TW_639_TW_639,GG,AG
TW_641_TW_641,GG,GG
TW_643_TW_643,GG,GG
TW_645_TW_645,GG,GG
TW_651_TW_651,AG,GG
TW_662_TW_662,GG,AG
TW_666_TW_666,GG,AG
TW_668_TW_668,GG,GG
TW_671_TW_671,GG,GG
TW_672_TW_672,GG,GG
TW_673_TW_673,GG,GG
TW_675_TW_675,AG,GG
TW_677_TW_677,GG,GG
TW_679_TW_679,GG,GG
TW_681_TW_681,GG,GG
TW_683_TW_683,GG,GG
TW_689_TW_689,GG,GG
TW_693_TW_693,GG,GG
TW_695_TW_695,AG,AG
TW_701_TW_701,GG,GG
TW_703_TW_703,GG,GG
TW_719_TW_719,GG,AG
TW_720_TW_720,GG,AG
TW_723_TW_723,AG,GG
TW_729_TW_729,GG,GG
TW_730_TW_730,GG,GG
TW_731_TW_731,GG,AG
TW_743_TW_743,GG,GG
TW_745_TW_745,GG,GG
TW_747_TW_747,GG,GG
TW_749_TW_749,GG,AG
TW_759_TW_759,GG,AG
TW_765_TW_765,GG,GG
TW_767_TW_767,GG,GG
TW_769_TW_769,GG,GG
TW_782_TW_782,GG,AG
TW_788_TW_788,GG,GG
TW_804_TW_804,GG,GG
TW_808_TW_808,GG,GG
TW_814_TW_814,GG,AG
TW_820_TW_820,GG,GG
TW_823_TW_823,GG,GG
TW_824_TW_824,GG,GG
TW_825_TW_825,GG,GG
TW_826_TW_826,GG,GG
TW_827_TW_827,GG,GG
TW_830_TW_830,GG,GG
TW_833_TW_833,GG,GG
TW_837_TW_837,GG,GG
TW_840_TW_840,AG,GG
TW_841_TW_841,GG,AG
TW_845_TW_845,GG,GG
TW_847_TW_847,GG,GG
TW_855_TW_855,GG,GG
TW_857_TW_857,GG,GG
TW_861_TW_861,GG,AG
TW_863_TW_863,GG,GG
TW_865_TW_865,GG,GG
TW_871_TW_871,GG,GG
TW_873_TW_873,GG,GG
TW_880_TW_880,AG,GG
TW_881_TW_881,GG,GG
TW_885_dup_TW_885_dup,AG,GG
TW_885_TW_885,AG,AG
TW_887_TW_887,GG,GG
TW_889_TW_889,GG,GG
TW_895_TW_895,GG,GG
TW_902_TW_902,GG,GG
TW_905_TW_905,GG,GG
TW_906_TW_906,GG,GG
TW_907_TW_907,GG,GG
TW_909_TW_909,GG,GG
TW_912_TW_912,GG,GG
TW_915_TW_915,GG,GG
TW_917_dup_TW_917_dup,GG,GG
TW_917_TW_917,GG,GG
TW_921_TW_921,GG,GG
TW_929_TW_929,AG,GG
TW_931_TW_931,GG,GG
TW_934_TW_934,GG,AG
TW_935_TW_935,GG,AG
TW_938_TW_938,GG,GG
TW_942_TW_942,GG,GG
TW_943_TW_943,GG,AG
TW_947_TW_947,GG,AG
TW_950_TW_950,GG,GG
TW_951_dup_TW_951_dup,GG,GG
TW_951_TW_951,GG,GG
TW_953_TW_953,GG,GG
TW_955_TW_955,GG,AG
TW_967_TW_967,GG,GG
TW_979_TW_979,GG,GG
TW_985_TW_985,GG,GG
TW_989_TW_989,GG,AG
TW_993_TW_993,GG,GG
TW_995_TW_995,GG,GG
TW_997_dup_TW_997_dup,GG,GG
TW_997_TW_997,GG,GG
TW_1001_TW_1001,GG,GG
TW_1003_TW_1003,GG,GG
TW_1008_TW_1008,GG,GG
TW_1011_TW_1011,GG,GG
TW_1013_TW_1013,AG,GG
TW_1032_TW_1032,GG,GG
TW_1035_TW_1035,GG,GG
TW_1041_TW_1041,AG,GG
TW_1045_TW_1045,GG,GG
TW_1049_TW_1049,GG,AG
TW_1050_TW_1050,AG,GG
TW_1053_TW_1053,AG,GG
TW_1054_TW_1054,AG,GG
TW_1055_TW_1055,AG,GG
TW_1062_TW_1062,GG,GG
TW_1069_TW_1069,GG,GG
TW_1070_TW_1070,GG,GG
TW_1088_TW_1088,GG,GG
TW_1090_TW_1090,GG,AG
TW_1091_TW_1091,GG,AG
TW_1092_TW_1092,GG,GG
TW_1093_TW_1093,GG,GG
TW_1094_TW_1094,GG,GG
TW_1096_TW_1096,GG,GG
TW_1097_TW_1097,GG,GG
TW_1102_TW_1102,GG,GG
TW_1108_TW_1108,GG,GG
TW_1109_TW_1109,GG,GG
TW_1116_TW_1116,GG,GG
TW_1118_TW_1118,GG,AG
TW_1122_TW_1122,GG,GG
TW_1123_TW_1123,GG,GG
TW_1128_TW_1128,GG,GG
TW_1130_TW_1130,GG,GG
TW_1138_TW_1138,GG,AG
TW_1140_TW_1140,GG,GG
TW_1141_TW_1141,GG,GG
TW_1142_TW_1142,AA,GG
TW_1143_TW_1143,GG,GG
TW_1145_TW_1145,GG,GG
TW_1146_TW_1146,AG,GG
TW_1148_TW_1148,GG,GG
TW_1149_TW_1149,GG,GG
TW_1150_TW_1150,GG,GG
TW_1153_TW_1153,GG,GG
TW_1154_TW_1154,GG,GG
TW_1159_TW_1159,GG,GG
TW_1160_TW_1160,GG,AG
TW_1163_TW_1163,GG,GG
TW_1165_TW_1165,AG,GG
TW_1169_TW_1169,GG,GG
TW_1170_TW_1170,GG,GG
TW_1172_TW_1172,AG,AG
TW_1175_TW_1175,GG,GG
TW_1176_TW_1176,GG,AG
TW_1179_TW_1179,GG,AG
TW_1182_TW_1182,GG,GG
TW_1184_TW_1184,GG,GG
TW_1187_TW_1187,GG,GG
TW_1190_TW_1190,GG,GG
TW_1192_TW_1192,GG,AG
TW_1195_TW_1195,GG,GG
TW_1196_TW_1196,AG,AG
TW_1198_TW_1198,GG,GG
TW_1200_TW_1200,GG,GG
TW_1206_TW_1206,GG,GG
TW_1210_TW_1210,AG,GG
TW_1215_TW_1215,GG,GG
TW_1219_TW_1219,GG,GG
TW_1220_TW_1220,GG,GG
TW_1223_TW_1223,GG,GG
TW_1225_TW_1225,GG,AG
TW_1226_TW_1226,GG,GG
TW_1229_TW_1229,GG,AG
TW_1232_TW_1232,GG,GG
TW_1234_TW_1234,GG,GG
TW_1240_TW_1240,GG,GG
TW_1241_TW_1241,GG,GG
TW_1243_TW_1243,GG,GG
TW_1246_TW_1246,AG,GG
TW_1249_TW_1249,AG,GG
TW_1253_TW_1253,GG,GG
TW_1256_TW_1256,GG,GG
TW_1258_TW_1258,GG,GG
TW_1268_TW_1268,GG,GG
TW_1272_TW_1272,GG,GG
TW_1275_TW_1275,GG,GG
TW_1278_TW_1278,GG,AG
TW_1280_TW_1280,GG,GG
TW_1281_TW_1281,GG,GG
TW_1283_TW_1283,AG,GG
TW_1288_TW_1288,GG,GG
TW_1289_TW_1289,GG,GG
TW_1292_TW_1292,AG,GG
TW_1297_TW_1297,AG,GG
TW_1301_TW_1301,GG,GG
TW_1305_TW_1305,GG,GG
TW_1310_TW_1310,GG,GG
TW_1315_TW_1315,GG,GG
TW_1322_TW_1322,AG,AG
TW_1330_TW_1330,GG,GG
TW_1331_TW_1331,AG,GG
TW_1336_TW_1336,GG,GG
TW_1337_TW_1337,AG,GG
TW_1339_TW_1339,AG,GG
TW_1347_TW_1347,GG,GG
TW_1349_TW_1349,GG,GG
TW_1353_TW_1353,GG,GG
TW_1358_TW_1358,GG,GG
TW_1359_TW_1359,GG,AG
TW_1361_TW_1361,GG,GG
TW_1364_TW_1364,GG,GG
TW_1368_TW_1368,GG,GG
TW_1370_TW_1370,GG,AG
TW_1373_TW_1373,GG,GG
TW_1375_TW_1375,AG,GG
TW_1380_TW_1380,GG,AG
TW_1382_TW_1382,GG,GG
TW_1386_TW_1386,GG,GG
TW_1390_TW_1390,GG,GG
TW_1392_TW_1392,GG,AG
TW_1393_TW_1393,GG,GG
TW_1397_TW_1397,GG,GG
TW_1400_TW_1400,AG,GG
TW_1407_TW_1407,AG,GG
TW_1412_TW_1412,GG,GG
TW_1414_TW_1414,GG,GG
TW_1417_TW_1417,GG,GG
TW_1419_TW_1419,GG,GG
TW_1422_TW_1422,GG,GG
TW_1423_TW_1423,GG,GG
TW_1425_TW_1425,GG,GG
TW_1429_TW_1429,GG,GG
TW_1431_TW_1431,GG,GG
TW_1432_TW_1432,GG,GG
TW_1434_TW_1434,AG,GG
TW_1437_TW_1437,GG,AG
TW_1439_TW_1439,GG,GG
TW_1448_TW_1448,GG,GG
TW_1449_TW_1449,GG,GG
TW_1452_TW_1452,GG,GG
TW_1454_TW_1454,GG,AG
TW_1456_TW_1456,GG,AG
TW_1457_TW_1457,GG,GG
TW_1459_TW_1459,AG,GG
TW_1462_TW_1462,GG,AG
TW_1466_TW_1466,GG,GG
TW_1473_TW_1473,GG,AG
TW_1475_TW_1475,GG,GG
TW_1477_TW_1477,AG,GG
TW_1480_TW_1480,GG,GG
TW_1483_TW_1483,GG,GG
TW_1487_TW_1487,GG,GG
TW_1489_TW_1489,GG,GG
TW_1494_TW_1494,GG,GG
TW_1495_TW_1495,GG,GG
TW_1500_TW_1500,AG,GG
TW_1501_TW_1501,GG,AG
TW_1505_TW_1505,AG,GG
TW_1508_TW_1508,GG,GG
TW_1511_TW_1511,GG,GG
TW_1516_TW_1516,AG,GG
TW_1518_TW_1518,GG,GG
TW_1519_TW_1519,AG,GG
TW_1523_TW_1523,GG,AG
TW_1529_TW_1529,GG,GG
TW_1536_TW_1536,GG,GG
TW_1543_TW_1543,GG,GG
TW_1547_TW_1547,GG,GG
TW_1554_TW_1554,GG,GG
TW_1557_TW_1557,GG,GG
TW_1577_TW_1577,GG,GG
TW_1591_TW_1591,GG,GG
TW_1642_TW_1642,GG,GG
TW_1667_TW_1667,GG,AG
TW_1712_TW_1712,GG,GG
TW_1737_TW_1737,GG,GG
TW_1753_TW_1753,AG,AG
TW_1765_TW_1765,GG,GG
TW_1774_TW_1774,GG,GG
TW_1813_TW_1813,GG,GG
TW_1830_TW_1830,GG,GG
TW_1851_TW_1851,GG,GG
TW_1861_TW_1861,GG,GG
TW_1866_TW_1866,GG,GG
TW_1867_TW_1867,GG,GG
TW_1870_TW_1870,AG,GG
TW_1871_TW_1871,GG,GG
TW_1873_TW_1873,GG,GG
TW_1874_TW_1874,AG,AG
TW_1876_TW_1876,GG,GG
TW_1878_TW_1878,GG,GG
TW_1884_TW_1884,GG,GG
TW_1887_TW_1887,AG,GG
TW_1895_TW_1895,AG,GG
TW_1897_TW_1897,GG,GG
TW_1901_TW_1901,GG,GG
TW_1903_TW_1903,GG,GG
TW_1908_TW_1908,GG,GG
TW_1911_TW_1911,GG,AG
TW_1916_TW_1916,GG,AG
TW_1928_TW_1928,GG,GG
TW_1937_TW_1937,GG,GG
TW_1940_TW_1940,AG,GG
TW_1962_TW_1962,GG,GG
TW_1963_TW_1963,GG,GG
TW_1965_TW_1965,GG,GG
TW_1969_TW_1969,GG,GG
TW_1988_TW_1988,GG,GG
TW_1994_TW_1994,GG,GG
TW_1997_TW_1997,GG,GG
TW_2001_TW_2001,GG,GG
TW_2007_TW_2007,GG,AG
TW_2017_TW_2017,GG,GG
TW_2018_TW_2018,GG,GG
TW_2020_TW_2020,GG,GG
TW_2024_TW_2024,AG,GG
TW_2036_TW_2036,GG,GG
TW_2038_TW_2038,GG,GG
TW_2039_TW_2039,GG,AG
TW_2042_TW_2042,GG,AG
TW_2044_TW_2044,GG,AG
TW_2046_TW_2046,GG,GG
TW_2047_TW_2047,GG,GG
TW_2050_TW_2050,GG,GG
TW_2051_TW_2051,GG,AG
TW_2053_TW_2053,GG,GG
TW_2055_TW_2055,GG,GG
TW_2058_TW_2058,GG,GG
TW_2060_TW_2060,GG,AG
TW_2061_TW_2061,GG,GG
TW_2063_TW_2063,GG,GG
TW_2065_TW_2065,GG,GG
TW_2067_TW_2067,GG,GG
TW_2069_TW_2069,GG,GG
TW_2071_TW_2071,GG,GG
TW_2074_TW_2074,GG,GG
TW_2075_TW_2075,GG,GG
TW_2077_TW_2077,GG,GG
TW_2079_TW_2079,AG,AG
TW_2081_TW_2081,GG,AG
TW_2083_TW_2083,GG,GG
TW_2084_TW_2084,GG,GG
TW_2086_TW_2086,GG,GG
TW_2087_TW_2087,GG,AG
TW_2089_TW_2089,GG,GG
TW_2092_TW_2092,GG,GG
TW_2094_TW_2094,GG,GG
TW_2095_TW_2095,GG,GG
TW_2099_TW_2099,AG,GG
TW_2102_TW_2102,GG,GG
TW_2103_TW_2103,GG,GG
TW_2105_TW_2105,GG,GG
TW_2107_TW_2107,GG,GG
TW_2109_TW_2109,GG,GG
TW_2111_TW_2111,AG,AG
TW_2114_TW_2114,GG,GG
TW_2116_TW_2116,GG,GG
TW_2120_TW_2120,GG,GG
TW_2121_TW_2121,GG,GG
TW_2124_TW_2124,AG,GG
TW_2125_TW_2125,GG,GG
TW_2127_TW_2127,GG,GG
TW_2130_TW_2130,GG,AG
TW_2132_TW_2132,GG,GG
TW_2133_TW_2133,GG,GG
TW_2136_TW_2136,GG,GG
TW_2137_TW_2137,GG,AG
TW_2139_TW_2139,GG,GG
TW_2142_TW_2142,GG,GG
TW_2144_TW_2144,GG,GG
TW_2145_TW_2145,GG,GG
TW_2146_TW_2146,GG,GG
TW_2147_TW_2147,GG,GG
TW_2149_TW_2149,GG,GG
TW_2150_TW_2150,GG,GG
TW_2152_TW_2152,AG,AG
TW_2154_TW_2154,GG,AG
TW_2155_TW_2155,AG,GG
TW_2158_TW_2158,GG,GG
TW_2159_TW_2159,GG,GG
TW_2160_TW_2160,GG,GG
TW_2161_TW_2161,AG,GG
TW_2164_TW_2164,GG,GG
TW_2165_TW_2165,GG,GG
TW_2167_TW_2167,GG,GG
TW_2168_TW_2168,GG,GG
TW_2169_TW_2169,GG,GG
TW_2170_TW_2170,GG,GG
TW_2171_TW_2171,GG,GG
TW_2174_TW_2174,GG,GG
TW_2176_TW_2176,GG,GG
TW_2177_TW_2177,GG,GG
TW_2180_TW_2180,GG,GG
TW_2181_TW_2181,GG,AG
TW_2182_TW_2182,GG,AG
TW_2183_TW_2183,GG,GG
TW_2184_TW_2184,AG,AG
TW_2185_TW_2185,GG,GG
TW_2188_TW_2188,GG,GG
TW_2189_TW_2189,GG,GG
TW_2192_TW_2192,AG,GG
TW_2193_TW_2193,GG,GG
TW_2196_TW_2196,GG,GG
TW_2198_TW_2198,GG,GG
TW_2199_TW_2199,GG,GG
TW_2201_TW_2201,GG,GG
TW_2203_TW_2203,GG,AG
TW_2205_TW_2205,GG,GG
TW_2207_TW_2207,GG,AG
TW_2209_TW_2209,GG,GG
TW_2212_TW_2212,GG,GG
TW_2214_TW_2214,GG,AG
TW_2215_TW_2215,GG,AG
TW_2218_TW_2218,GG,GG
TW_2219_TW_2219,GG,GG
TW_2221_TW_2221,GG,GG
TW_2223_TW_2223,GG,AG
TW_2225_TW_2225,GG,AG
TW_2227_TW_2227,GG,GG
TW_2230_TW_2230,AG,AG
TW_2231_TW_2231,GG,GG
TW_2234_TW_2234,GG,GG
TW_2236_TW_2236,GG,GG
TW_2237_TW_2237,GG,GG
TW_2238_TW_2238,GG,GG
TW_2242_TW_2242,GG,AG
TW_2244_TW_2244,GG,GG
TW_2245_TW_2245,GG,GG
TW_2248_TW_2248,GG,GG
TW_2249_TW_2249,GG,GG
TW_2251_TW_2251,GG,GG
TW_2253_TW_2253,GG,GG
TW_2255_TW_2255,GG,GG
TW_2257_TW_2257,AA,AG
TW_2258_TW_2258,AA,GG
TW_2259_TW_2259,GG,AG
TW_2261_TW_2261,AG,GG
TW_2263_TW_2263,AG,GG
TW_2265_TW_2265,GG,GG
TW_2268_TW_2268,AG,GG
TW_2270_TW_2270,GG,GG
TW_2271_TW_2271,GG,GG
TW_2274_TW_2274,GG,GG
TW_2275_TW_2275,GG,GG
TW_2277_TW_2277,AG,GG
TW_2278_TW_2278,GG,GG
TW_2279_TW_2279,AG,GG
TW_2280_TW_2280,GG,GG
TW_2281_TW_2281,GG,GG
TW_2283_TW_2283,GG,GG
TW_2286_TW_2286,GG,GG
TW_2287_TW_2287,GG,GG
TW_2290_TW_2290,GG,GG
TW_2291_TW_2291,GG,GG
TW_2292_TW_2292,GG,GG
TW_2293_TW_2293,GG,GG
TW_2295_TW_2295,GG,AG
TW_2296_TW_2296,GG,GG
TW_2297_TW_2297,GG,GG
TW_2300_TW_2300,GG,GG
TW_2301_TW_2301,GG,GG
TW_2302_TW_2302,GG,GG
TW_2303_TW_2303,GG,GG
TW_2305_TW_2305,GG,GG
TW_2307_TW_2307,GG,GG
TW_2309_TW_2309,GG,AG
TW_2311_TW_2311,GG,AG
TW_2313_TW_2313,GG,GG
TW_2315_TW_2315,GG,GG
TW_2317_TW_2317,GG,GG
TW_2319_TW_2319,GG,GG
TW_2321_TW_2321,GG,AG
TW_2322_TW_2322,GG,AG
TW_2323_TW_2323,GG,GG
TW_2326_TW_2326,GG,GG
TW_2327_TW_2327,GG,GG
TW_2329_TW_2329,GG,GG
TW_2331_TW_2331,AG,GG
TW_2334_TW_2334,GG,GG
TW_2335_TW_2335,GG,GG
TW_2337_TW_2337,GG,GG
TW_2339_TW_2339,AG,AG
TW_2341_TW_2341,GG,AG
TW_2342_TW_2342,GG,AG
TW_2343_TW_2343,GG,GG
TW_2345_TW_2345,GG,AG
TW_2347_TW_2347,AG,GG
TW_2349_TW_2349,GG,GG
TW_2351_TW_2351,GG,AG
TW_2353_TW_2353,AG,AG
TW_2356_TW_2356,GG,GG
TW_2358_TW_2358,GG,GG
TW_2362_TW_2362,GG,GG
TW_2363_TW_2363,GG,GG
TW_2366_TW_2366,GG,GG
TW_2367_TW_2367,GG,AG
TW_2369_TW_2369,GG,AG
TW_2372_TW_2372,GG,GG
TW_2374_TW_2374,GG,AG
TW_2376_TW_2376,GG,GG
TW_2377_TW_2377,AG,GG
TW_2379_TW_2379,GG,GG
TW_2381_TW_2381,GG,GG
TW_2383_TW_2383,GG,GG
